Iterations,Function,Best Solution,Best Fitness,Execution Time (s),Step Size,Domain
800,rastrigin,"[0.9106, -0.0028]",2.3675,0.0075,5.4,"[-5.012, 0.9106]"
300,rastrigin,"[-0.9583, -0.01]",1.2794,0.003,1.3,"[-1.5334, 8.2702]"
200,rastrigin,"[-2.0234, -0.1074]",6.4044,0.002,7.9,"[-4.3556, 1.8469]"
300,rastrigin,"[-0.8828, -0.0572]",4.0126,0.0027,7.2,"[-3.5845, 1.1645]"
10,rastrigin,"[3.9097, 4.009]",32.9416,0.0,9.2,"[-7.7986, 8.3629]"
10,rastrigin,"[6.0295, 6.7088]",94.0934,0.0,3.7,"[-4.9365, 9.4102]"
1000,rastrigin,"[0.0515, 0.0825]",1.8422,0.0095,7.6,"[-1.8164, 4.3141]"
50,rastrigin,"[-0.9944, -4.9559]",25.9373,0.0,0.4,"[-9.7374, 3.1598]"
50,rastrigin,"[-0.9747, 0.8243]",7.2555,0.0,2.2,"[-9.5586, 8.4528]"
900,rastrigin,"[-0.045, -0.1093]",2.6768,0.008,7.6,"[-5.8239, 2.2326]"
10,rastrigin,"[-0.7449, 2.1096]",17.5997,0.0,1.6,"[-2.6288, 4.7951]"
700,rastrigin,"[1.001, 0.9333]",2.7387,0.006,7.0,"[-2.6932, 8.0993]"
10,rastrigin,"[1.8193, -2.9566]",18.2028,0.0,5.2,"[-6.4312, 6.6257]"
10,rastrigin,"[-3.9487, 4.9691]",40.9877,0.0001,0.3,"[-8.0722, 6.3551]"
800,rastrigin,"[-0.007, 0.0367]",0.2755,0.0083,1.1,"[-7.9912, 4.9123]"
100,rastrigin,"[-0.0405, 0.1101]",2.6351,0.001,6.6,"[-6.9862, 5.4892]"
500,rastrigin,"[-0.9856, -0.037]",1.2827,0.005,7.6,"[-5.791, 7.8116]"
100,rastrigin,"[-1.9945, -0.0564]",4.6084,0.001,2.3,"[-8.9284, 2.3335]"
300,rastrigin,"[-0.8862, 0.8181]",9.751,0.002,7.3,"[-1.6347, 8.2705]"
600,rastrigin,"[-0.8761, 0.0321]",3.8511,0.0059,8.7,"[-5.0054, 2.3751]"
800,rastrigin,"[-0.9726, 0.9983]",2.091,0.0075,9.0,"[-4.0575, 7.0592]"
300,rastrigin,"[0.0327, 0.0591]",0.8972,0.0026,1.4,"[-0.6475, 9.9204]"
300,rastrigin,"[-4.9719, -4.1181]",44.4625,0.003,0.7,"[-8.5088, 1.8213]"
700,rastrigin,"[0.0325, 0.0486]",0.6731,0.0066,1.4,"[-9.5883, 7.6359]"
700,rastrigin,"[0.0381, -0.9459]",1.7534,0.0063,6.4,"[-6.7672, 5.0858]"
400,rastrigin,"[1.0286, 0.009]",1.2348,0.0041,3.6,"[-2.6254, 9.619]"
100,rastrigin,"[-2.9073, -1.0004]",11.1017,0.001,7.0,"[-6.4319, 8.9]"
500,rastrigin,"[-0.0708, 0.1252]",3.934,0.0052,8.1,"[-8.9048, 1.3159]"
700,rastrigin,"[0.0018, 1.0522]",1.6408,0.007,9.7,"[-8.3603, 5.3706]"
100,rastrigin,"[2.0647, 0.1012]",7.0439,0.001,8.4,"[-6.1363, 5.7512]"
400,rastrigin,"[0.0892, -0.8215]",7.8669,0.004,9.2,"[-9.2428, 0.7114]"
500,rastrigin,"[0.9661, -0.9638]",2.3464,0.0045,7.7,"[-6.5638, 5.9335]"
800,rastrigin,"[-0.0014, 0.0044]",0.0043,0.008,1.3,"[-0.0977, 0.0044]"
300,rastrigin,"[0.0269, -1.0338]",1.4368,0.003,3.6,"[-1.0687, 8.2762]"
1000,rastrigin,"[-0.0017, -0.0516]",0.5241,0.0101,9.4,"[-0.0516, 1.9418]"
200,rastrigin,"[0.9993, 1.9336]",5.5962,0.002,9.4,"[-3.2986, 1.9336]"
50,rastrigin,"[0.0109, 3.1135]",12.1556,0.001,5.2,"[-6.2003, 5.0741]"
100,rastrigin,"[0.0324, 0.9027]",2.8331,0.001,5.2,"[-3.7744, 0.9027]"
700,rastrigin,"[-0.0004, -0.9421]",1.5423,0.0076,3.0,"[-8.162, 4.2175]"
1000,rastrigin,"[0.0704, -0.0058]",0.973,0.0101,4.3,"[-7.7343, 2.185]"
300,rastrigin,"[0.9645, -0.0335]",1.4007,0.0025,3.3,"[-7.9904, 7.8075]"
400,rastrigin,"[1.0277, -0.0302]",1.3878,0.004,0.5,"[-3.3509, 3.3578]"
900,rastrigin,"[-0.022, -1.0352]",1.4115,0.0086,5.0,"[-4.268, 1.2381]"
600,rastrigin,"[-3.9764, -6.9528]",64.6993,0.0065,0.5,"[-9.9934, 0.6454]"
500,rastrigin,"[0.0054, -0.9697]",1.1268,0.0048,8.3,"[-4.5094, 4.9348]"
400,rastrigin,"[0.9977, 0.0049]",1.0011,0.0035,8.8,"[-9.0505, 0.9977]"
900,rastrigin,"[-0.1251, -0.126]",5.9389,0.0087,8.6,"[-0.4173, 9.6698]"
1000,rastrigin,"[0.8422, 1.0151]",6.3115,0.0101,9.3,"[-9.6629, 5.7383]"
900,rastrigin,"[0.0234, 0.9367]",1.7671,0.0082,5.2,"[-3.9455, 2.9724]"
800,rastrigin,"[0.9841, 0.0672]",1.901,0.0077,5.3,"[-5.7364, 8.3976]"
1000,rastrigin,"[0.017, -0.0307]",0.2432,0.0106,1.7,"[-2.1617, 1.4697]"
700,rastrigin,"[0.0053, 0.0274]",0.1537,0.0076,3.4,"[-4.2741, 1.5867]"
1000,rastrigin,"[-0.056, -0.9746]",1.6936,0.0104,4.8,"[-9.7783, 3.0418]"
300,rastrigin,"[0.0737, -0.0092]",1.0759,0.003,2.0,"[-8.4252, 5.0323]"
900,rastrigin,"[0.9353, 0.0303]",1.8709,0.0096,4.7,"[-2.5538, 6.2496]"
900,rastrigin,"[3.9693, -2.9897]",24.9002,0.008,0.3,"[-3.4675, 9.8957]"
300,rastrigin,"[0.0496, 1.0167]",1.5726,0.0036,1.6,"[-8.2458, 8.0066]"
100,rastrigin,"[-0.9229, 0.9457]",3.4724,0.0005,2.5,"[-4.7565, 4.9726]"
700,rastrigin,"[-0.9847, -0.0026]",1.0172,0.0065,5.4,"[-8.5427, 1.2892]"
50,rastrigin,"[-0.0291, 1.1559]",5.9317,0.0005,5.8,"[-3.7494, 1.4288]"
200,rastrigin,"[0.0382, 1.8928]",6.0555,0.0028,9.7,"[-3.4166, 8.6068]"
500,rastrigin,"[1.0171, -0.0028]",1.094,0.005,2.0,"[-3.3706, 1.0171]"
600,rastrigin,"[0.9918, 0.9788]",2.0437,0.0066,6.3,"[-6.987, 2.7913]"
600,rastrigin,"[-1.9215, 0.0357]",5.1344,0.0057,9.5,"[-9.2255, 2.6656]"
500,rastrigin,"[0.9239, 0.0051]",1.9802,0.005,4.8,"[-4.5992, 9.5933]"
1000,rastrigin,"[-0.0226, -0.9503]",1.488,0.0097,2.8,"[-1.5172, 6.0947]"
200,rastrigin,"[-0.001, 2.1707]",9.9308,0.001,8.9,"[-1.7216, 2.1707]"
500,rastrigin,"[-0.0156, 0.9129]",2.3433,0.0058,7.0,"[-6.2362, 7.4283]"
1000,rastrigin,"[0.9709, 0.0369]",1.3785,0.0105,5.4,"[-3.8872, 9.4251]"
800,rastrigin,"[0.0262, 0.0049]",0.1407,0.008,1.8,"[-6.9588, 8.4949]"
700,rastrigin,"[0.9635, -0.0842]",2.5632,0.0066,8.5,"[-2.6982, 3.6608]"
100,rastrigin,"[-2.0421, -0.0748]",5.6081,0.0011,8.9,"[-6.9923, 9.944]"
300,rastrigin,"[-0.931, 1.9961]",5.7785,0.003,7.1,"[-2.9073, 5.9666]"
500,rastrigin,"[0.0556, 0.0564]",1.2322,0.0056,3.4,"[-9.1027, 4.0792]"
200,rastrigin,"[0.0011, 0.0404]",0.3222,0.002,1.2,"[-6.6072, 0.0404]"
500,rastrigin,"[-0.0621, 0.977]",1.8153,0.0056,5.1,"[-5.8166, 1.3225]"
700,rastrigin,"[-4.9591, -3.9678]",40.8682,0.0069,0.7,"[-7.7442, 3.1901]"
400,rastrigin,"[-0.012, 1.0221]",1.1692,0.0045,1.8,"[-9.7751, 6.2306]"
800,rastrigin,"[-0.0003, -1.0142]",1.0684,0.0076,10.0,"[-3.1934, 4.5666]"
500,rastrigin,"[-0.0078, -1.104]",3.2912,0.0051,6.8,"[-1.104, 4.8354]"
10,rastrigin,"[4.4262, 0.9098]",40.9263,0.0,1.0,"[-1.1013, 9.9355]"
600,rastrigin,"[0.0771, -0.1455]",5.0732,0.006,9.9,"[-3.0673, 9.4986]"
900,rastrigin,"[0.0303, -0.9688]",1.3113,0.0083,0.8,"[-2.0803, 1.9347]"
1000,rastrigin,"[0.1072, 1.0249]",3.3687,0.0098,7.0,"[-5.6555, 6.8776]"
200,rastrigin,"[0.9851, -1.1217]",5.0547,0.0017,3.1,"[-2.2954, 2.0053]"
100,rastrigin,"[2.0192, -3.0428]",13.7684,0.001,8.0,"[-8.323, 3.6363]"
1000,rastrigin,"[0.012, -0.047]",0.4636,0.01,1.4,"[-2.5898, 8.6586]"
400,rastrigin,"[-0.0595, 0.0646]",1.5107,0.004,1.7,"[-6.2899, 8.8793]"
100,rastrigin,"[0.9641, 1.0935]",4.0537,0.001,0.9,"[-3.4447, 4.8444]"
800,rastrigin,"[5.9723, -3.9849]",51.7438,0.0066,0.2,"[-5.0803, 7.0489]"
300,rastrigin,"[0.8774, -1.0279]",4.8037,0.003,6.5,"[-7.4343, 7.8709]"
700,rastrigin,"[0.0054, 0.9938]",1.0011,0.0077,2.9,"[-0.4231, 7.3408]"
400,rastrigin,"[-0.9452, 1.0079]",2.5092,0.0047,9.7,"[-7.8675, 8.351]"
100,rastrigin,"[1.2023, -0.9893]",9.4926,0.001,8.3,"[-8.6063, 1.2023]"
10,rastrigin,"[0.7329, 0.9614]",12.8276,0.0,2.3,"[-6.0093, 6.455]"
1000,rastrigin,"[0.975, -0.0727]",2.1054,0.0101,5.2,"[-3.8977, 1.1697]"
50,rastrigin,"[-2.0802, -2.024]",9.7807,0.0,3.4,"[-7.1972, 1.7706]"
1000,rastrigin,"[0.9108, -0.0022]",2.3609,0.0099,7.6,"[-0.8882, 8.0351]"
700,rastrigin,"[-0.0155, 0.9954]",1.0427,0.0078,4.6,"[-5.7461, 8.7468]"
100,rastrigin,"[0.0909, -0.8163]",8.2163,0.001,7.8,"[-0.8163, 0.478]"
700,rastrigin,"[0.0186, -0.9446]",1.5605,0.0076,3.2,"[-6.2892, 4.8579]"
200,rastrigin,"[-1.078, 0.0772]",3.4965,0.002,8.2,"[-2.0593, 3.1162]"
600,rastrigin,"[-0.0143, 0.074]",1.107,0.0059,10.0,"[-7.5707, 4.5864]"
700,rastrigin,"[-0.9523, 0.0073]",1.3626,0.0067,3.6,"[-2.6518, 9.5998]"
700,rastrigin,"[-0.0221, 1.0398]",1.4886,0.0066,7.9,"[-7.3472, 5.1567]"
50,rastrigin,"[-0.1166, 0.0588]",3.2578,0.001,2.1,"[-2.7443, 5.4658]"
300,rastrigin,"[0.0913, 0.8471]",6.5969,0.003,9.3,"[-9.1957, 2.4664]"
700,rastrigin,"[0.9685, 0.0373]",1.4077,0.0066,8.6,"[-3.7763, 5.52]"
1000,rastrigin,"[0.0501, -0.0145]",0.5359,0.0099,1.9,"[-4.6677, 3.297]"
50,rastrigin,"[-0.8958, 4.0783]",20.6858,0.001,1.0,"[-0.8958, 8.6367]"
10,rastrigin,"[-1.8161, 1.0168]",10.3545,0.001,1.6,"[-8.0616, 7.6685]"
700,rastrigin,"[-1.9981, 1.9996]",7.9919,0.0062,0.2,"[-5.0128, 3.2367]"
50,rastrigin,"[-0.9544, 0.8988]",4.0802,0.0,5.5,"[-2.1168, 4.3462]"
100,rastrigin,"[0.0128, 0.7788]",8.8409,0.001,6.1,"[-7.3268, 4.7258]"
200,rastrigin,"[-0.0332, 1.0438]",1.683,0.003,2.9,"[-8.9572, 1.6556]"
900,rastrigin,"[-0.891, -0.0378]",3.3331,0.008,9.8,"[-6.9526, 3.9362]"
800,rastrigin,"[-1.1349, 0.0922]",6.3115,0.008,6.6,"[-3.2625, 0.706]"
300,rastrigin,"[0.0661, -0.0261]",0.9889,0.003,3.8,"[-2.6521, 9.7971]"
400,rastrigin,"[-2.9901, 7.9645]",72.6411,0.0045,0.1,"[-6.5668, 8.9552]"
1000,rastrigin,"[0.0677, 0.1026]",2.9117,0.0093,7.2,"[-4.4449, 9.8199]"
200,rastrigin,"[-0.9481, 0.0162]",1.4779,0.002,2.7,"[-3.0942, 0.3583]"
200,rastrigin,"[0.9762, -0.9692]",2.1903,0.002,3.0,"[-9.4142, 1.4099]"
400,rastrigin,"[0.0328, 0.9696]",1.3354,0.0036,1.7,"[-4.1535, 3.7654]"
600,rastrigin,"[0.0197, 0.9574]",1.3506,0.006,5.0,"[-6.2641, 7.7254]"
1000,rastrigin,"[-0.0004, -0.0871]",1.4672,0.0105,6.0,"[-1.6133, 5.6058]"
400,rastrigin,"[0.0041, 1.0176]",1.1004,0.0036,1.7,"[-6.7764, 8.7387]"
600,rastrigin,"[5.9626, -2.9848]",44.7821,0.0057,0.1,"[-3.2001, 6.5389]"
700,rastrigin,"[-1.0009, 1.0562]",2.7337,0.0066,3.1,"[-2.2862, 4.768]"
1000,rastrigin,"[0.0214, 0.0878]",1.5822,0.0098,5.9,"[-6.5761, 8.0815]"
300,rastrigin,"[0.0518, 0.0443]",0.9147,0.003,1.0,"[-0.4046, 2.2452]"
50,rastrigin,"[1.9712, 1.0854]",6.6314,0.001,2.7,"[-4.5314, 6.7093]"
700,rastrigin,"[0.0118, -0.024]",0.1417,0.0066,2.1,"[-8.1698, 7.5096]"
600,rastrigin,"[-0.0759, -0.0057]",1.1294,0.005,9.8,"[-6.9932, 9.2519]"
200,rastrigin,"[1.0505, 1.7827]",12.7393,0.0015,8.5,"[-4.7852, 2.7622]"
300,rastrigin,"[-1.0235, 1.0145]",2.2279,0.0025,3.1,"[-1.2498, 6.4048]"
900,rastrigin,"[1.0156, 0.006]",1.0869,0.0087,2.1,"[-1.5053, 8.5873]"
700,rastrigin,"[-0.1323, -0.0123]",3.3063,0.0066,8.7,"[-9.3779, 6.1432]"
10,rastrigin,"[-1.8923, 0.0442]",6.1704,0.0,5.8,"[-3.5662, 3.1507]"
900,rastrigin,"[0.0146, 0.0234]",0.1506,0.0086,1.2,"[-0.7676, 6.3864]"
50,rastrigin,"[-1.0692, -1.1086]",5.5425,0.0,2.8,"[-2.86, 1.5573]"
700,rastrigin,"[-0.0221, 0.0273]",0.2451,0.007,4.1,"[-3.1967, 4.726]"
600,rastrigin,"[-0.055, -0.8848]",3.8852,0.0076,3.5,"[-1.9909, 2.5677]"
400,rastrigin,"[-0.0399, 2.0046]",4.337,0.004,3.5,"[-0.7839, 4.8339]"
900,rastrigin,"[-1.0134, -0.0214]",1.1534,0.0086,4.3,"[-2.722, 7.8005]"
500,rastrigin,"[-0.9881, 0.0117]",1.0313,0.0047,0.2,"[-2.8787, 4.2681]"
10,rastrigin,"[-1.3154, 0.4036]",34.1067,0.0,7.5,"[-9.9932, 0.4036]"
10,rastrigin,"[-2.1107, -2.1107]",13.556,0.0,8.7,"[-2.1107, 0.7664]"
600,rastrigin,"[0.0271, -0.067]",1.0234,0.005,3.9,"[-1.5718, 0.5493]"
100,rastrigin,"[1.0165, -0.1616]",5.8423,0.001,9.0,"[-9.3723, 1.7382]"
800,rastrigin,"[1.9915, 0.9959]",4.9754,0.007,0.9,"[-4.7528, 6.0521]"
600,rastrigin,"[0.01, 0.9282]",1.8825,0.0055,6.1,"[-1.4364, 3.0084]"
500,rastrigin,"[-0.0402, -0.9781]",1.3698,0.004,2.6,"[-5.8164, 7.6208]"
200,rastrigin,"[1.0313, 0.0774]",2.4225,0.002,5.0,"[-7.0533, 3.898]"
10,rastrigin,"[-0.8763, 2.0162]",7.7569,0.0,4.6,"[-1.4129, 3.6155]"
200,rastrigin,"[2.0253, 0.9848]",5.2429,0.002,4.0,"[-2.4159, 5.635]"
300,rastrigin,"[1.981, -3.9257]",20.4775,0.002,0.6,"[-9.1781, 2.6332]"
10,rastrigin,"[-2.3736, 2.9455]",31.8968,0.0,9.8,"[-8.4923, 9.588]"
900,rastrigin,"[0.0619, -0.007]",0.7611,0.0081,5.4,"[-1.8447, 4.9543]"
900,rastrigin,"[-0.0828, 0.0116]",1.3551,0.0095,4.2,"[-4.5594, 7.7125]"
600,rastrigin,"[1.0477, 0.0108]",1.5654,0.0061,6.9,"[-7.4652, 4.569]"
800,rastrigin,"[1.0702, -0.0267]",2.2431,0.0076,5.7,"[-3.0064, 1.3059]"
700,rastrigin,"[0.0671, 0.0617]",1.626,0.007,5.0,"[-2.4324, 5.8049]"
10,rastrigin,"[0.1069, -0.5193]",22.3807,0.0,4.8,"[-3.4672, 2.4782]"
100,rastrigin,"[2.0397, -0.0032]",4.4727,0.001,5.0,"[-0.698, 6.5421]"
300,rastrigin,"[-2.9724, -3.9942]",24.9458,0.0037,0.7,"[-7.8786, 2.6057]"
700,rastrigin,"[-0.9775, 1.0481]",2.6075,0.0055,4.1,"[-1.8032, 7.5184]"
1000,rastrigin,"[0.0938, 0.0022]",1.6961,0.0102,4.0,"[-7.0848, 4.7601]"
200,rastrigin,"[-0.0869, -1.0186]",2.5666,0.0021,8.4,"[-6.9658, 6.2913]"
10,rastrigin,"[-0.0118, -0.0118]",0.0552,0.0,9.3,"[-0.0118, 3.662]"
900,rastrigin,"[0.049, -0.0866]",1.9229,0.0086,4.9,"[-3.7849, 9.3456]"
100,rastrigin,"[-1.9723, -0.0672]",4.9236,0.001,4.8,"[-7.2368, 8.0251]"
10,rastrigin,"[-1.1436, -3.0064]",14.1544,0.0,9.2,"[-7.7462, 1.4096]"
200,rastrigin,"[-0.1043, -2.0239]",6.2916,0.0026,10.0,"[-5.7552, 5.2279]"
300,rastrigin,"[-0.053, -0.0766]",1.696,0.0027,7.0,"[-7.5278, 1.4494]"
1000,rastrigin,"[-0.0538, -0.9635]",1.7587,0.0097,3.6,"[-8.3224, 7.3766]"
100,rastrigin,"[0.9727, -0.02]",1.1718,0.001,9.6,"[-2.3514, 0.9727]"
700,rastrigin,"[-1.0179, 0.0069]",1.109,0.0075,6.0,"[-9.0032, 5.7075]"
50,rastrigin,"[-1.105, -2.0562]",8.1677,0.0,9.7,"[-5.3452, 0.6907]"
50,rastrigin,"[-0.893, -0.9268]",4.8715,0.001,7.6,"[-7.1778, 7.5115]"
800,rastrigin,"[0.9766, -0.0052]",1.0672,0.008,5.9,"[-0.7068, 0.9766]"
800,rastrigin,"[-6.9639, 6.8109]",101.4085,0.0073,0.5,"[-8.8131, 6.8109]"
1000,rastrigin,"[-0.0563, 0.0533]",1.1793,0.0097,3.7,"[-6.6578, 6.2033]"
900,rastrigin,"[0.0108, 0.0117]",0.0503,0.0081,1.4,"[-4.373, 8.2972]"
50,rastrigin,"[0.0545, 0.0448]",0.9794,0.0,8.0,"[-8.6385, 0.0545]"
100,rastrigin,"[1.0764, 1.0814]",4.7398,0.0016,5.6,"[-5.1246, 1.6397]"
100,rastrigin,"[0.0422, 0.9614]",1.5674,0.001,2.6,"[-3.4743, 1.108]"
300,rastrigin,"[0.9773, 1.9863]",5.0389,0.003,8.5,"[-1.751, 5.5083]"
800,rastrigin,"[0.9821, -1.0173]",2.1217,0.0076,3.3,"[-4.8586, 5.9861]"
10,rastrigin,"[-4.1721, -5.0052]",47.7643,0.0,1.8,"[-8.4054, 0.6391]"
300,rastrigin,"[-1.0276, 0.0594]",1.8985,0.0028,2.1,"[-5.3074, 3.3526]"
800,rastrigin,"[-0.0741, -0.9811]",2.102,0.0075,9.0,"[-9.1797, 7.6402]"
50,rastrigin,"[-1.9683, 0.9409]",5.638,0.0,7.7,"[-3.0551, 2.9865]"
50,rastrigin,"[2.9208, 2.9762]",18.7135,0.0,0.7,"[-2.3531, 6.348]"
10,rastrigin,"[1.2103, -1.164]",15.2076,0.0,5.5,"[-5.9508, 9.0241]"
10,rastrigin,"[1.0539, -1.3564]",19.716,0.0,6.5,"[-1.3564, 6.8192]"
100,rastrigin,"[-1.0298, -1.0192]",2.347,0.001,2.3,"[-9.3434, 0.6659]"
400,rastrigin,"[0.0309, -0.9991]",1.1869,0.004,3.4,"[-8.532, 3.7586]"
400,rastrigin,"[0.0204, -0.0211]",0.1705,0.004,2.6,"[-4.8761, 9.0006]"
500,rastrigin,"[-0.0727, 0.0337]",1.2544,0.0046,2.1,"[-9.1283, 4.9815]"
600,rastrigin,"[-1.0578, -0.9614]",2.9878,0.0062,4.9,"[-5.8742, 5.8788]"
1000,himmelblau_function,"[3.5489, -1.894]",0.1082,0.0066,4.7,"[-3.8595, 4.6068]"
900,himmelblau_function,"[2.8901, 2.1051]",0.3973,0.007,8.5,"[-2.3856, 7.5347]"
600,himmelblau_function,"[-3.6384, -2.7879]",8.5153,0.004,9.0,"[-8.1819, 1.3037]"
600,himmelblau_function,"[3.7634, -1.7824]",1.9098,0.004,10.0,"[-6.2899, 7.6693]"
300,himmelblau_function,"[2.9583, 1.9804]",0.0863,0.002,1.0,"[-4.2019, 5.4959]"
200,himmelblau_function,"[3.5754, -1.8898]",0.0328,0.001,0.4,"[-2.3364, 5.5497]"
800,himmelblau_function,"[-3.7749, -3.3534]",0.2317,0.006,3.2,"[-9.3442, 0.1647]"
500,himmelblau_function,"[-3.8083, -3.3181]",0.0748,0.004,2.0,"[-9.988, 1.4482]"
200,himmelblau_function,"[-3.7667, -3.2312]",0.1082,0.0011,0.4,"[-4.1238, 0.7325]"
400,himmelblau_function,"[3.4322, -1.7867]",1.1551,0.0023,6.8,"[-9.1958, 9.0515]"
100,himmelblau_function,"[-2.7456, 3.1676]",0.1694,0.0005,0.6,"[-9.0136, 5.4827]"
500,himmelblau_function,"[-2.8244, 2.2869]",21.6509,0.0027,4.8,"[-9.3994, 2.2869]"
900,himmelblau_function,"[-2.9055, 3.1676]",0.3883,0.0063,7.4,"[-2.9055, 7.3131]"
100,himmelblau_function,"[3.8534, -1.6522]",4.9994,0.0005,3.8,"[-5.7399, 4.6724]"
900,himmelblau_function,"[3.052, 2.0231]",0.1352,0.0056,5.9,"[-7.5276, 7.727]"
800,himmelblau_function,"[2.799, 2.2455]",1.5542,0.0065,5.6,"[-4.1677, 7.5857]"
200,himmelblau_function,"[-2.2388, 3.1194]",8.4702,0.0017,4.8,"[-6.4313, 8.9176]"
100,himmelblau_function,"[2.5552, 2.3434]",5.623,0.001,7.0,"[-8.5997, 2.5552]"
200,himmelblau_function,"[-3.6348, -3.1637]",1.2979,0.001,8.1,"[-3.6348, 4.4398]"
200,himmelblau_function,"[-3.5051, -2.4079]",23.4173,0.002,10.0,"[-9.984, 1.6096]"
400,himmelblau_function,"[-1.1815, 3.0403]",44.2111,0.003,0.6,"[-1.1815, 8.9811]"
900,himmelblau_function,"[2.368, 2.2592]",10.0421,0.0067,8.5,"[-0.9348, 2.368]"
50,himmelblau_function,"[-3.2217, -3.2217]",14.7889,0.0011,7.8,"[-3.2217, 1.5905]"
100,himmelblau_function,"[-3.5551, -3.1527]",2.672,0.0,6.3,"[-8.6226, 2.7579]"
500,himmelblau_function,"[-3.8023, -3.3071]",0.0407,0.004,1.0,"[-9.858, 7.5411]"
200,himmelblau_function,"[3.567, -1.872]",0.0271,0.001,0.2,"[-2.2627, 6.2099]"
500,himmelblau_function,"[2.9887, 2.0575]",0.0495,0.0037,10.0,"[-7.0326, 5.5416]"
50,himmelblau_function,"[1.6877, 1.6877]",47.8514,0.0,9.3,"[-7.5992, 1.6877]"
600,himmelblau_function,"[1.8609, 1.8609]",35.025,0.004,5.6,"[-1.1635, 1.8609]"
500,himmelblau_function,"[-2.8032, 3.1279]",0.0006,0.003,9.2,"[-4.8317, 5.8237]"
10,himmelblau_function,"[3.0902, 1.678]",1.2487,0.001,1.7,"[-0.0643, 8.3506]"
1000,himmelblau_function,"[-2.6538, -2.6538]",50.5252,0.0073,9.3,"[-2.6538, 1.2914]"
1000,himmelblau_function,"[3.602, -1.8497]",0.0162,0.0069,1.4,"[-5.0242, 5.7344]"
50,himmelblau_function,"[3.3702, 1.2368]",6.9545,0.001,4.2,"[-7.9856, 7.332]"
500,himmelblau_function,"[-2.8877, 3.132]",0.2276,0.003,3.1,"[-5.2838, 7.5866]"
900,himmelblau_function,"[-2.8679, 3.2613]",0.8264,0.0069,8.2,"[-3.4015, 5.2705]"
500,himmelblau_function,"[3.1583, 1.4636]",3.0806,0.003,7.6,"[-0.3176, 6.9516]"
1000,himmelblau_function,"[3.0452, 1.9731]",0.0645,0.007,2.4,"[-4.6762, 4.5691]"
900,himmelblau_function,"[3.5589, -1.86]",0.0379,0.0056,9.9,"[-1.86, 8.2627]"
900,himmelblau_function,"[-3.879, -3.4133]",0.9974,0.0056,3.1,"[-9.4431, 4.2393]"
1000,himmelblau_function,"[-2.6502, 3.0882]",0.8015,0.007,6.3,"[-9.3779, 9.4676]"
300,himmelblau_function,"[-2.6503, 3.105]",0.7586,0.002,1.5,"[-8.2256, 9.9717]"
500,himmelblau_function,"[2.999, 2.0012]",0.0,0.0035,2.6,"[-2.8237, 2.999]"
200,himmelblau_function,"[3.0828, 2.2862]",2.3382,0.001,7.8,"[-5.9765, 5.5526]"
10,himmelblau_function,"[1.8849, 1.8849]",33.3797,0.0,6.6,"[-0.7327, 1.8849]"
600,himmelblau_function,"[-3.7693, -3.2867]",0.0073,0.0035,0.8,"[-6.7049, 0.4827]"
1000,himmelblau_function,"[-2.8647, 3.1249]",0.1197,0.006,3.1,"[-3.8852, 3.4362]"
300,himmelblau_function,"[2.9682, 2.1018]",0.1566,0.003,5.1,"[-4.4538, 7.2244]"
600,himmelblau_function,"[-3.7701, -3.2814]",0.0046,0.0046,0.2,"[-8.563, 0.6953]"
900,himmelblau_function,"[3.0208, 1.995]",0.0144,0.0068,5.9,"[-1.8897, 3.0208]"
800,himmelblau_function,"[-2.7043, 3.127]",0.3188,0.0055,8.3,"[-4.4122, 7.3407]"
400,himmelblau_function,"[-3.858, -3.1551]",1.3482,0.002,3.9,"[-6.4782, 6.5272]"
600,himmelblau_function,"[-2.8062, 3.3612]",2.2811,0.004,4.8,"[-9.5673, 6.5113]"
10,himmelblau_function,"[3.5328, 1.2007]",11.2937,0.0,9.1,"[-5.419, 3.5328]"
600,himmelblau_function,"[3.0042, 1.8789]",0.2259,0.004,7.5,"[-0.7639, 4.7043]"
800,himmelblau_function,"[-1.1579, 2.0622]",72.9643,0.005,1.3,"[-1.1579, 2.0622]"
10,himmelblau_function,"[-2.8017, 2.8357]",3.1986,0.0,1.8,"[-6.4033, 2.8357]"
200,himmelblau_function,"[-2.9266, 3.1025]",0.5365,0.002,4.2,"[-5.8169, 3.1025]"
800,himmelblau_function,"[3.4868, -1.9601]",0.7517,0.0057,9.8,"[-6.0859, 5.5888]"
600,himmelblau_function,"[3.5819, -1.9494]",0.1602,0.0047,7.7,"[-1.9494, 7.4333]"
500,himmelblau_function,"[2.8173, 2.0243]",1.0854,0.0043,6.8,"[-6.4054, 8.7014]"
1000,himmelblau_function,"[3.527, -1.8709]",0.1866,0.0068,1.2,"[-4.4101, 5.8055]"
200,himmelblau_function,"[-4.0047, -3.3155]",2.9666,0.002,6.6,"[-5.5099, 1.4033]"
700,himmelblau_function,"[-3.7269, -3.5066]",2.8427,0.0055,5.0,"[-4.595, 1.5713]"
1000,himmelblau_function,"[-4.1089, -3.5043]",7.0295,0.0065,6.4,"[-7.1053, 8.5585]"
800,himmelblau_function,"[3.5453, -1.7206]",0.2673,0.0048,1.5,"[-6.3338, 5.7379]"
600,himmelblau_function,"[2.9286, 2.0453]",0.1554,0.0035,7.0,"[-1.5602, 2.9286]"
600,himmelblau_function,"[-3.8204, -3.3795]",0.4075,0.004,9.6,"[-6.5356, 6.8885]"
200,himmelblau_function,"[-2.7037, 3.0654]",0.4843,0.001,1.7,"[-5.0053, 5.7159]"
700,himmelblau_function,"[3.0832, 1.763]",0.7262,0.0045,5.3,"[-3.9821, 8.1503]"
500,himmelblau_function,"[3.5457, -1.7473]",0.1919,0.004,3.9,"[-6.9833, 9.4518]"
700,himmelblau_function,"[-3.7255, -3.2568]",0.1567,0.005,1.3,"[-4.5049, 5.252]"
700,himmelblau_function,"[2.7875, 2.0362]",1.4289,0.0052,6.2,"[-1.1782, 6.1139]"
400,himmelblau_function,"[3.0054, 1.9757]",0.0084,0.003,1.3,"[-1.1808, 3.4509]"
1000,himmelblau_function,"[1.7335, 1.7335]",44.3188,0.0069,4.4,"[-7.7887, 1.7335]"
50,himmelblau_function,"[2.3901, 2.3901]",9.6108,0.001,3.0,"[-4.7366, 2.3901]"
100,himmelblau_function,"[-3.9571, -3.044]",5.4655,0.0,7.7,"[-5.4155, 1.636]"
300,himmelblau_function,"[1.1355, 1.1355]",94.466,0.002,1.1,"[-0.9475, 1.1355]"
700,himmelblau_function,"[-2.7832, 3.0597]",0.2152,0.0099,2.1,"[-3.6626, 6.1182]"
600,himmelblau_function,"[3.6167, -1.8914]",0.0736,0.0046,1.7,"[-9.3423, 8.8543]"
700,himmelblau_function,"[-3.6581, -3.2411]",0.7621,0.005,7.8,"[-3.6581, 5.6878]"
900,himmelblau_function,"[-3.7319, -3.3298]",0.2885,0.0057,2.3,"[-9.5967, 4.1401]"
700,himmelblau_function,"[3.123, 1.9882]",0.5558,0.005,10.0,"[-3.6657, 3.3409]"
300,himmelblau_function,"[3.5346, -1.9046]",0.1956,0.002,9.5,"[-2.7423, 3.5346]"
400,himmelblau_function,"[3.0631, 2.1644]",0.8576,0.0025,5.6,"[-5.2685, 9.8507]"
200,himmelblau_function,"[-4.1163, -3.3338]",6.8131,0.001,9.6,"[-4.1163, 0.2857]"
50,himmelblau_function,"[-4.073, -2.969]",11.9644,0.0,2.8,"[-7.7501, 8.0579]"
600,himmelblau_function,"[-3.9047, -3.4219]",1.3283,0.004,6.1,"[-4.0059, 6.6553]"
50,himmelblau_function,"[3.7913, -2.0401]",2.6886,0.0,6.5,"[-8.891, 4.4017]"
300,himmelblau_function,"[-3.7407, -3.5876]",4.8914,0.0022,3.3,"[-8.3675, 1.29]"
50,himmelblau_function,"[3.5078, -2.0408]",0.9946,0.0,3.8,"[-2.6115, 4.2968]"
300,himmelblau_function,"[3.5801, -1.8435]",0.0011,0.002,0.2,"[-9.5192, 8.5459]"
1000,himmelblau_function,"[-2.7343, 3.118]",0.1645,0.006,6.3,"[-4.3981, 4.8879]"
500,himmelblau_function,"[3.1675, 1.9092]",0.9227,0.003,9.9,"[-3.2979, 7.6595]"
700,himmelblau_function,"[3.0154, 2.0446]",0.057,0.005,2.3,"[-0.7844, 7.8049]"
900,himmelblau_function,"[-2.9276, 3.0799]",0.6191,0.0055,9.0,"[-9.1677, 7.1323]"
800,himmelblau_function,"[3.6118, -1.7885]",0.1018,0.0055,4.6,"[-7.425, 8.1985]"
300,himmelblau_function,"[3.4979, -1.6347]",0.8484,0.0021,7.8,"[-4.0594, 7.7655]"
10,himmelblau_function,"[-1.9596, 3.5949]",28.4243,0.0,3.3,"[-6.4723, 9.0568]"
200,himmelblau_function,"[-4.2405, -3.6587]",15.6468,0.0017,7.9,"[-5.9058, 1.9269]"
1000,himmelblau_function,"[-4.1234, -2.9087]",16.6634,0.0075,9.8,"[-6.6763, 2.1424]"
300,himmelblau_function,"[-3.2556, -3.1388]",12.6949,0.002,6.1,"[-3.2556, 0.0469]"
100,himmelblau_function,"[3.6238, -2.361]",4.8833,0.0,5.3,"[-2.361, 5.7163]"
50,himmelblau_function,"[3.5347, 0.2208]",14.6145,0.0,9.5,"[-0.6742, 9.1918]"
800,himmelblau_function,"[3.5945, -1.7375]",0.183,0.0066,4.9,"[-1.7375, 6.8067]"
200,himmelblau_function,"[3.3974, 1.8505]",5.7575,0.001,8.4,"[-5.528, 7.3646]"
1000,himmelblau_function,"[-2.847, 3.1248]",0.0598,0.006,1.4,"[-7.8505, 4.0795]"
500,himmelblau_function,"[2.9791, 2.0148]",0.0136,0.0041,2.1,"[-4.3659, 5.9768]"
50,himmelblau_function,"[-3.4474, -3.4474]",8.6333,0.0005,5.5,"[-3.4474, 7.9094]"
10,himmelblau_function,"[-3.2475, 0.8459]",91.0104,0.0,1.3,"[-3.8887, 0.8459]"
900,himmelblau_function,"[1.9992, 1.9992]",26.0459,0.0065,3.7,"[-0.6288, 1.9992]"
100,himmelblau_function,"[-2.9174, 3.5582]",8.6687,0.001,5.6,"[-6.7727, 3.5582]"
400,himmelblau_function,"[3.4646, -1.6638]",1.0253,0.003,7.4,"[-6.7759, 9.6779]"
900,himmelblau_function,"[-2.8958, 3.1282]",0.276,0.007,7.2,"[-4.2699, 4.4857]"
50,himmelblau_function,"[2.3761, 2.3761]",9.913,0.0,6.0,"[-2.748, 2.3761]"
800,himmelblau_function,"[3.0495, 2.0847]",0.3042,0.006,5.9,"[-0.2116, 9.0107]"
10,himmelblau_function,"[0.4594, 0.4594]",146.7659,0.001,9.9,"[-5.2468, 0.4594]"
300,himmelblau_function,"[2.9172, 1.9034]",0.5555,0.0025,2.6,"[-2.3405, 9.1345]"
400,himmelblau_function,"[3.4984, -1.9118]",0.4761,0.0031,2.8,"[-2.2138, 8.894]"
900,himmelblau_function,"[-3.8784, -3.3405]",0.5706,0.006,9.8,"[-9.9902, 1.6918]"
800,himmelblau_function,"[2.987, 2.1425]",0.3375,0.006,9.0,"[-3.5969, 6.4602]"
800,himmelblau_function,"[2.9474, 2.0198]",0.0867,0.0062,1.1,"[-4.1428, 6.9196]"
10,himmelblau_function,"[3.7806, 3.0572]",77.8625,0.0,7.1,"[-4.6769, 7.2741]"
800,himmelblau_function,"[3.6253, -1.5802]",1.0869,0.0055,6.2,"[-8.1527, 8.0057]"
1000,himmelblau_function,"[-3.7854, -3.2984]",0.0098,0.0085,0.4,"[-6.8679, 1.0201]"
1000,himmelblau_function,"[3.5754, -1.6725]",0.4058,0.0077,6.1,"[-3.444, 6.5501]"
800,himmelblau_function,"[0.6591, 0.6591]",133.0284,0.0055,4.0,"[-0.5805, 0.6591]"
900,himmelblau_function,"[-2.8339, 3.1034]",0.0592,0.0067,1.3,"[-4.3944, 5.5618]"
800,himmelblau_function,"[2.9115, 2.0594]",0.2384,0.0065,3.7,"[-0.3911, 9.6195]"
1000,himmelblau_function,"[-2.7032, 2.9581]",1.4474,0.0065,5.4,"[-7.2749, 9.5807]"
400,himmelblau_function,"[2.9923, 2.2679]",1.3395,0.003,8.0,"[-0.4264, 4.4962]"
700,himmelblau_function,"[3.0294, 1.9186]",0.0931,0.0053,4.1,"[-4.6486, 7.9067]"
700,himmelblau_function,"[-3.9403, -3.995]",25.4835,0.0045,9.4,"[-6.1277, 1.3848]"
200,himmelblau_function,"[-2.7475, 3.1159]",0.114,0.0015,5.0,"[-7.3712, 7.586]"
50,himmelblau_function,"[2.2205, 1.508]",27.0825,0.0,9.2,"[-1.3618, 9.4801]"
500,himmelblau_function,"[3.5969, -2.0389]",0.5786,0.004,5.6,"[-2.0389, 4.748]"
400,himmelblau_function,"[2.9651, 2.2269]",0.8547,0.003,5.1,"[-6.8856, 8.5467]"
300,himmelblau_function,"[3.0534, 2.1096]",0.4407,0.002,8.8,"[-4.9262, 3.4127]"
10,himmelblau_function,"[4.2539, -1.7008]",29.1256,0.0,2.8,"[-2.6879, 8.6218]"
10,himmelblau_function,"[-3.6883, -2.4571]",21.652,0.0,7.9,"[-7.5756, 8.8374]"
400,himmelblau_function,"[-3.1097, 3.1451]",3.3419,0.003,7.5,"[-9.0086, 7.7216]"
1000,himmelblau_function,"[3.5958, -1.9493]",0.1568,0.0076,9.3,"[-3.1803, 7.798]"
500,himmelblau_function,"[3.0322, 2.1307]",0.433,0.003,5.5,"[-9.6206, 3.4637]"
600,himmelblau_function,"[-3.7932, -3.3499]",0.185,0.005,2.6,"[-8.2922, 1.6375]"
50,himmelblau_function,"[-2.628, 3.3052]",2.3023,0.0,8.8,"[-9.6211, 6.1655]"
50,himmelblau_function,"[3.8667, -1.9359]",4.4407,0.0,8.8,"[-4.134, 9.1939]"
600,himmelblau_function,"[-3.6922, -3.3745]",1.0345,0.004,3.0,"[-8.3299, 0.9866]"
10,himmelblau_function,"[-2.3375, -0.8647]",114.7536,0.0,6.6,"[-9.1609, 0.9428]"
10,himmelblau_function,"[-3.9029, -1.5382]",80.1399,0.0,9.1,"[-6.7123, 0.5753]"
100,himmelblau_function,"[-3.8207, -2.9066]",6.106,0.0,3.5,"[-8.0492, 4.3526]"
800,himmelblau_function,"[3.141, 1.716]",1.1746,0.0055,9.6,"[-1.4788, 7.0363]"
50,himmelblau_function,"[3.2819, 1.5852]",3.2922,0.0,9.3,"[-0.3544, 3.2819]"
600,himmelblau_function,"[3.0144, 1.99]",0.0065,0.0041,0.4,"[-3.6667, 4.1837]"
100,himmelblau_function,"[-3.6984, -3.3795]",1.0133,0.0013,8.9,"[-4.3665, 1.2328]"
50,himmelblau_function,"[-2.8459, 3.449]",4.5006,0.001,6.8,"[-2.8459, 5.7832]"
400,himmelblau_function,"[3.6047, -1.8957]",0.0489,0.003,9.6,"[-5.2341, 3.6047]"
500,himmelblau_function,"[2.9722, 2.0613]",0.0599,0.0036,9.4,"[-8.7756, 8.9897]"
500,himmelblau_function,"[3.4648, -0.9975]",6.4521,0.0037,9.8,"[-0.9975, 8.4164]"
700,himmelblau_function,"[-3.7899, -3.2886]",0.0062,0.0056,1.1,"[-4.7652, 9.3443]"
100,himmelblau_function,"[3.5046, 1.4856]",9.3203,0.001,9.1,"[-6.0846, 9.7508]"
600,himmelblau_function,"[-2.8679, 3.1383]",0.1322,0.005,9.5,"[-2.8679, 8.5465]"
200,himmelblau_function,"[2.798, 1.5751]",5.5093,0.001,6.1,"[-0.5775, 9.5888]"
50,himmelblau_function,"[3.7883, 0.6596]",23.7954,0.0,8.9,"[-9.846, 6.2153]"
1000,himmelblau_function,"[-1.611, 3.0798]",29.1191,0.0076,2.0,"[-1.611, 8.422]"
400,himmelblau_function,"[-3.4188, -3.3311]",7.444,0.002,4.7,"[-5.1435, 2.8409]"
800,himmelblau_function,"[0.6487, 0.6487]",133.7877,0.005,9.3,"[-0.5108, 0.6487]"
100,himmelblau_function,"[2.9151, 1.7763]",1.3913,0.0,2.8,"[-0.4145, 8.1777]"
600,himmelblau_function,"[3.129, 1.9354]",0.5431,0.0035,3.3,"[-0.4837, 6.9039]"
800,himmelblau_function,"[-2.8654, 3.2858]",1.1134,0.0051,3.6,"[-6.8602, 5.1052]"
900,himmelblau_function,"[-2.8456, 3.38]",2.7194,0.0065,7.1,"[-7.0842, 8.6519]"
700,himmelblau_function,"[2.9665, 1.9079]",0.24,0.0045,3.8,"[-7.6629, 6.2646]"
300,himmelblau_function,"[-2.8209, 3.1428]",0.0132,0.002,9.2,"[-3.1513, 3.1428]"
200,himmelblau_function,"[-3.8134, -3.2282]",0.2521,0.002,2.6,"[-5.0023, 2.5515]"
50,himmelblau_function,"[-1.4845, 0.5734]",134.1304,0.0,6.3,"[-1.4845, 0.5734]"
300,himmelblau_function,"[-3.4977, -3.3503]",5.0077,0.002,3.4,"[-5.6687, 2.6056]"
50,himmelblau_function,"[3.1935, 1.678]",1.75,0.0,3.2,"[-4.5777, 6.2056]"
50,himmelblau_function,"[-3.7548, -3.6574]",7.1844,0.0,8.3,"[-3.7548, 9.2863]"
500,himmelblau_function,"[2.8822, 1.8598]",1.1278,0.003,3.3,"[-4.0145, 8.8757]"
200,himmelblau_function,"[3.7483, -2.0634]",1.9854,0.0014,1.9,"[-8.2786, 7.905]"
900,himmelblau_function,"[-2.7761, 3.1033]",0.0573,0.0069,7.4,"[-6.3646, 8.8619]"
200,himmelblau_function,"[-3.6839, -3.1669]",0.7837,0.001,1.7,"[-8.0688, 3.4377]"
700,himmelblau_function,"[3.0913, 2.0332]",0.3983,0.0047,5.1,"[-9.1083, 6.5898]"
400,himmelblau_function,"[3.1364, 2.2698]",2.8849,0.002,9.9,"[-4.6857, 9.4891]"
800,himmelblau_function,"[1.4782, 1.4782]",64.9591,0.0056,7.6,"[-0.5205, 1.4782]"
500,himmelblau_function,"[3.465, -1.9169]",0.8493,0.0045,7.7,"[-9.7006, 9.7941]"
10,himmelblau_function,"[3.3814, 0.966]",9.1711,0.001,8.7,"[-1.9446, 5.0067]"
300,himmelblau_function,"[2.4145, 2.4087]",9.105,0.0024,10.0,"[-0.4553, 2.4145]"
600,himmelblau_function,"[-2.8204, 3.0793]",0.1156,0.0045,9.7,"[-7.127, 3.0793]"
50,himmelblau_function,"[-3.2445, 3.0602]",7.4671,0.0,2.1,"[-3.2445, 9.0166]"
50,himmelblau_function,"[-3.9005, -3.1671]",1.8522,0.0,9.8,"[-6.5689, 8.8931]"
1000,himmelblau_function,"[2.7577, 2.1593]",1.7038,0.0073,6.5,"[-7.5094, 4.6314]"
900,himmelblau_function,"[-3.7797, -3.2849]",0.0001,0.0056,0.1,"[-3.8171, 0.5622]"
600,himmelblau_function,"[-3.7877, -3.3345]",0.1098,0.004,2.0,"[-9.9774, 5.4528]"
700,himmelblau_function,"[3.4058, -1.9986]",2.1185,0.0057,4.5,"[-9.835, 8.4388]"
800,himmelblau_function,"[3.5314, -1.6624]",0.5336,0.005,8.4,"[-3.4395, 3.9873]"
600,himmelblau_function,"[-2.7628, 3.04]",0.3789,0.004,7.6,"[-8.8885, 6.7021]"
800,himmelblau_function,"[3.0108, 2.0172]",0.0131,0.006,2.6,"[-0.1207, 3.7858]"
600,himmelblau_function,"[-2.2217, 1.2123]",83.6304,0.0034,2.9,"[-2.2217, 1.2123]"
300,himmelblau_function,"[-4.027, -3.4755]",4.1393,0.002,8.2,"[-6.39, 1.6494]"
700,himmelblau_function,"[1.8887, 1.8887]",33.1202,0.004,5.5,"[-1.5508, 1.8887]"
800,three_hump_camel_function,"[0.0472, 0.0085]",0.0049,0.0068,2.6,"[-5.8333, 8.99]"
500,three_hump_camel_function,"[0.0164, -0.1728]",0.0276,0.0026,6.3,"[-7.5552, 4.6342]"
10,three_hump_camel_function,"[1.2327, 1.5204]",5.3852,0.0,9.4,"[-5.7521, 4.5495]"
900,three_hump_camel_function,"[-0.0245, 0.1062]",0.0099,0.0072,5.8,"[-8.8813, 0.5069]"
100,three_hump_camel_function,"[0.1551, -0.0473]",0.0424,0.0005,5.0,"[-4.0865, 8.8621]"
100,three_hump_camel_function,"[1.749, -0.8122]",0.3025,0.0,1.1,"[-5.6958, 6.7651]"
400,three_hump_camel_function,"[1.7734, -0.9678]",0.3093,0.003,5.5,"[-7.6769, 9.3486]"
100,three_hump_camel_function,"[-1.9939, 0.7434]",0.8986,0.001,6.7,"[-4.1659, 8.9312]"
50,three_hump_camel_function,"[1.0909, -3.6094]",10.2643,0.0,9.8,"[-6.5062, 4.2892]"
400,three_hump_camel_function,"[-1.85, 0.7739]",0.3946,0.0025,8.6,"[-3.4921, 2.2019]"
50,three_hump_camel_function,"[0.059, 0.3592]",0.1572,0.001,8.9,"[-5.276, 9.7738]"
10,three_hump_camel_function,"[-1.7744, 0.427]",0.5148,0.001,1.6,"[-4.7415, 4.9036]"
600,three_hump_camel_function,"[-0.0099, -0.0158]",0.0006,0.0051,0.9,"[-3.7843, 9.203]"
900,three_hump_camel_function,"[1.7466, -0.8603]",0.2988,0.007,0.5,"[-8.1448, 9.825]"
300,three_hump_camel_function,"[-0.1418, 0.1717]",0.0449,0.002,4.3,"[-1.9373, 7.1038]"
700,three_hump_camel_function,"[0.0977, 0.1694]",0.0642,0.0052,4.1,"[-9.1953, 1.6383]"
600,three_hump_camel_function,"[-0.0277, 0.0356]",0.0018,0.004,8.8,"[-8.9117, 0.0356]"
50,three_hump_camel_function,"[-0.5214, 1.3589]",1.6076,0.001,6.2,"[-3.0438, 4.191]"
700,three_hump_camel_function,"[0.2444, -0.2744]",0.124,0.004,7.4,"[-9.7764, 9.6069]"
100,three_hump_camel_function,"[-1.8243, 0.8433]",0.3426,0.001,5.8,"[-8.1966, 7.0918]"
50,three_hump_camel_function,"[1.5923, -1.2892]",0.6468,0.0012,8.5,"[-1.2892, 1.5923]"
500,three_hump_camel_function,"[-0.0082, -0.4033]",0.1661,0.004,4.9,"[-0.8128, 3.4678]"
700,three_hump_camel_function,"[0.0407, 0.0062]",0.0036,0.005,2.3,"[-9.1369, 5.0502]"
400,three_hump_camel_function,"[-0.165, -0.2658]",0.1682,0.003,4.1,"[-4.6694, 5.4025]"
800,three_hump_camel_function,"[1.767, -0.2653]",0.683,0.005,9.3,"[-9.4015, 2.2603]"
200,three_hump_camel_function,"[-0.157, -0.0326]",0.0548,0.001,8.1,"[-5.4898, 9.1053]"
10,three_hump_camel_function,"[-2.7139, -6.533]",84.7747,0.0,0.9,"[-7.239, 4.3718]"
600,three_hump_camel_function,"[-1.7137, 0.4952]",0.4357,0.0036,0.2,"[-3.4338, 0.4952]"
200,three_hump_camel_function,"[-0.6003, 0.345]",0.5041,0.002,9.2,"[-5.8, 8.7451]"
1000,three_hump_camel_function,"[1.7384, -0.8819]",0.2993,0.0076,1.0,"[-9.4748, 6.7883]"
700,three_hump_camel_function,"[0.0835, -0.23]",0.0476,0.0045,3.0,"[-5.929, 7.2798]"
50,three_hump_camel_function,"[-0.0409, 0.45]",0.1875,0.0,8.8,"[-0.9553, 0.45]"
800,three_hump_camel_function,"[-0.0844, 0.1479]",0.0236,0.0067,6.0,"[-2.4538, 1.7004]"
1000,three_hump_camel_function,"[0.0245, 0.1058]",0.015,0.008,6.2,"[-1.5519, 1.3965]"
800,three_hump_camel_function,"[-0.0999, 0.0829]",0.0184,0.006,7.7,"[-6.6143, 2.3793]"
100,three_hump_camel_function,"[0.4538, -0.5653]",0.4318,0.0013,9.1,"[-8.7778, 7.3255]"
700,three_hump_camel_function,"[0.2426, -0.4944]",0.2386,0.0056,8.5,"[-8.0042, 5.0731]"
500,three_hump_camel_function,"[-1.7674, 0.8907]",0.3011,0.003,0.5,"[-6.3857, 2.4015]"
400,three_hump_camel_function,"[0.2176, -0.012]",0.0899,0.0024,2.9,"[-1.7529, 1.1305]"
600,three_hump_camel_function,"[-0.1662, -0.0071]",0.0557,0.0037,7.5,"[-9.9269, 5.6741]"
10,three_hump_camel_function,"[1.4967, -0.2108]",0.8137,0.001,8.3,"[-3.3679, 1.4967]"
500,three_hump_camel_function,"[-1.7431, 0.8818]",0.2989,0.004,0.2,"[-6.0784, 9.5195]"
900,three_hump_camel_function,"[0.2256, -0.1566]",0.0883,0.006,9.0,"[-8.7744, 4.5505]"
600,three_hump_camel_function,"[-0.1551, 0.0794]",0.0415,0.0045,2.0,"[-0.3686, 4.1576]"
1000,three_hump_camel_function,"[-0.0605, -0.0106]",0.0081,0.0073,6.0,"[-3.6855, 4.3424]"
100,three_hump_camel_function,"[0.0607, -0.0472]",0.0067,0.001,2.8,"[-2.3295, 5.7556]"
800,three_hump_camel_function,"[-0.2455, -0.1031]",0.1527,0.0057,7.4,"[-9.5902, 8.1478]"
600,three_hump_camel_function,"[0.0461, -0.303]",0.0821,0.0046,6.1,"[-1.7006, 0.5624]"
700,three_hump_camel_function,"[0.0072, -0.0359]",0.0011,0.0047,1.4,"[-4.8209, 6.2079]"
100,three_hump_camel_function,"[0.1197, -0.3223]",0.0937,0.001,5.9,"[-9.9526, 1.9965]"
300,three_hump_camel_function,"[-0.1636, -0.1349]",0.093,0.0012,2.8,"[-8.5673, 1.862]"
200,three_hump_camel_function,"[0.1118, -0.3122]",0.0874,0.0016,8.5,"[-0.3122, 2.0878]"
800,three_hump_camel_function,"[0.1346, 0.1538]",0.0803,0.0055,6.2,"[-7.3081, 2.6529]"
500,three_hump_camel_function,"[0.1374, 0.2458]",0.1316,0.0048,8.1,"[-5.7962, 3.8791]"
900,three_hump_camel_function,"[0.0068, -0.1167]",0.0129,0.0066,6.7,"[-3.106, 6.1033]"
300,three_hump_camel_function,"[0.0746, 0.0864]",0.025,0.002,4.0,"[-3.5679, 2.1904]"
600,three_hump_camel_function,"[0.1842, -0.1873]",0.0672,0.0046,5.3,"[-7.2082, 7.6494]"
300,three_hump_camel_function,"[-1.8007, 0.9505]",0.3192,0.002,7.9,"[-7.4262, 2.4756]"
400,three_hump_camel_function,"[-0.0656, -0.1077]",0.0273,0.003,3.8,"[-1.1557, 8.145]"
200,three_hump_camel_function,"[0.0255, 0.0157]",0.002,0.001,1.0,"[-4.4468, 8.0412]"
700,three_hump_camel_function,"[0.0268, 0.0249]",0.0027,0.0045,4.4,"[-5.0315, 3.7213]"
10,three_hump_camel_function,"[1.7372, -1.0638]",0.3373,0.0,2.1,"[-2.0607, 4.4717]"
300,three_hump_camel_function,"[0.0062, -0.4475]",0.1975,0.002,6.5,"[-9.3409, 3.4147]"
700,three_hump_camel_function,"[0.1634, 0.1393]",0.0948,0.0055,9.0,"[-5.3635, 0.4581]"
200,three_hump_camel_function,"[0.1535, -0.1339]",0.0439,0.001,3.3,"[-1.8231, 6.6613]"
900,three_hump_camel_function,"[-0.0836, 0.0291]",0.0123,0.0066,3.7,"[-4.5101, 0.1194]"
900,three_hump_camel_function,"[0.0095, -0.0011]",0.0002,0.0067,2.4,"[-9.8349, 6.1868]"
400,three_hump_camel_function,"[-0.0755, -0.1954]",0.0643,0.0033,5.4,"[-1.2183, 6.0758]"
200,three_hump_camel_function,"[-0.2747, 0.3883]",0.1892,0.0015,8.5,"[-7.7717, 3.5879]"
1000,three_hump_camel_function,"[-1.757, 0.8804]",0.2992,0.0072,0.4,"[-7.2879, 8.0531]"
600,three_hump_camel_function,"[1.6389, -0.8151]",0.3549,0.004,6.9,"[-8.0864, 1.6389]"
700,three_hump_camel_function,"[-0.0432, 0.0234]",0.0033,0.0061,1.0,"[-4.9138, 4.5588]"
300,three_hump_camel_function,"[0.2189, -0.0421]",0.086,0.0025,4.1,"[-4.3326, 1.2263]"
800,three_hump_camel_function,"[0.4168, -0.2926]",0.2803,0.0064,6.4,"[-5.2241, 5.3539]"
1000,three_hump_camel_function,"[-0.2326, 0.2104]",0.1005,0.0077,9.7,"[-8.0603, 7.5538]"
100,three_hump_camel_function,"[-1.8957, 1.0271]",0.47,0.001,7.0,"[-8.863, 7.2365]"
300,three_hump_camel_function,"[0.3254, -0.2286]",0.1781,0.002,7.5,"[-8.4163, 4.7077]"
200,three_hump_camel_function,"[-0.1205, -0.0077]",0.0298,0.0026,2.8,"[-2.5819, 9.8366]"
10,three_hump_camel_function,"[0.2057, -0.3052]",0.1131,0.001,8.4,"[-6.9558, 0.2057]"
200,three_hump_camel_function,"[1.7582, -0.9343]",0.3024,0.001,0.7,"[-9.8557, 5.8875]"
700,three_hump_camel_function,"[1.7993, -1.1859]",0.3976,0.0055,9.2,"[-6.2943, 6.7993]"
1000,three_hump_camel_function,"[-0.018, 0.082]",0.0059,0.008,1.0,"[-9.7047, 2.295]"
100,three_hump_camel_function,"[0.2013, 0.0285]",0.0859,0.002,2.2,"[-9.7325, 8.4322]"
700,three_hump_camel_function,"[-0.1319, -0.2079]",0.1051,0.006,5.6,"[-5.7263, 3.2658]"
100,three_hump_camel_function,"[-1.5151, 2.301]",2.8825,0.001,6.3,"[-6.5863, 9.8419]"
300,three_hump_camel_function,"[0.1423, -0.3411]",0.1079,0.0023,8.5,"[-0.3411, 9.6005]"
900,three_hump_camel_function,"[0.0511, 0.0594]",0.0118,0.0075,5.4,"[-7.1098, 3.7403]"
10,three_hump_camel_function,"[-0.1732, -6.6974]",46.0751,0.0,5.5,"[-8.5321, 3.5696]"
800,three_hump_camel_function,"[-0.0949, 0.2859]",0.0725,0.0065,8.2,"[-1.7668, 6.7571]"
700,three_hump_camel_function,"[0.2394, -0.0347]",0.1041,0.005,5.1,"[-3.3164, 3.5579]"
200,three_hump_camel_function,"[0.1052, -0.6167]",0.3374,0.002,8.9,"[-8.1014, 3.8325]"
200,three_hump_camel_function,"[1.8055, -1.3351]",0.5072,0.003,7.1,"[-1.3351, 2.3574]"
100,three_hump_camel_function,"[0.2774, -0.5433]",0.2923,0.001,5.5,"[-0.5433, 5.7154]"
700,three_hump_camel_function,"[0.2479, -0.1944]",0.1086,0.005,6.6,"[-6.1041, 6.3946]"
300,three_hump_camel_function,"[-0.1363, 0.2261]",0.0571,0.004,6.8,"[-5.8761, 8.0035]"
1000,three_hump_camel_function,"[-0.1133, -0.3255]",0.1683,0.0071,8.6,"[-8.0023, 0.7366]"
50,three_hump_camel_function,"[0.0902, -0.2085]",0.0409,0.0,0.1,"[-1.0629, 1.256]"
600,three_hump_camel_function,"[-0.3372, 0.5225]",0.3109,0.0042,6.0,"[-7.979, 7.4307]"
100,three_hump_camel_function,"[-0.0857, -0.1599]",0.0539,0.0,3.8,"[-9.9659, 2.9921]"
1000,three_hump_camel_function,"[0.0612, -0.3876]",0.134,0.0086,8.9,"[-6.9145, 1.967]"
100,three_hump_camel_function,"[-1.7721, 0.784]",0.3127,0.0,6.1,"[-1.7721, 6.2805]"
300,three_hump_camel_function,"[0.1706, -0.4366]",0.1734,0.0028,8.5,"[-8.4346, 8.5497]"
600,three_hump_camel_function,"[-0.3823, -0.0834]",0.3093,0.005,5.6,"[-8.7973, 0.7135]"
700,three_hump_camel_function,"[-0.0565, 0.0058]",0.0061,0.0045,2.8,"[-8.2539, 0.9405]"
300,three_hump_camel_function,"[-0.2524, 0.089]",0.1086,0.002,2.9,"[-2.9708, 3.7168]"
300,three_hump_camel_function,"[-0.054, 0.1182]",0.0134,0.002,3.6,"[-8.0158, 9.9083]"
500,three_hump_camel_function,"[-0.0173, -0.0013]",0.0006,0.003,1.6,"[-4.0455, 4.649]"
50,three_hump_camel_function,"[-0.2335, 0.6341]",0.36,0.0,3.6,"[-4.5323, 3.2317]"
1000,three_hump_camel_function,"[-0.0115, 0.1589]",0.0237,0.0084,4.9,"[-1.7012, 4.9579]"
50,three_hump_camel_function,"[-0.0054, -0.3395]",0.1171,0.0,6.1,"[-3.2499, 8.4448]"
200,three_hump_camel_function,"[-0.0079, 0.031]",0.0008,0.002,0.4,"[-8.1532, 3.9598]"
300,three_hump_camel_function,"[0.3429, -0.6138]",0.3872,0.003,7.4,"[-2.2699, 1.0038]"
800,three_hump_camel_function,"[0.0234, -0.0837]",0.0061,0.007,1.7,"[-3.0974, 6.207]"
600,three_hump_camel_function,"[0.0531, -0.0795]",0.0077,0.005,2.8,"[-5.6238, 9.8303]"
700,three_hump_camel_function,"[0.014, 0.2283]",0.0557,0.0055,3.6,"[-9.7006, 7.8888]"
800,three_hump_camel_function,"[-0.0685, -0.0109]",0.0102,0.006,2.1,"[-2.7603, 0.6185]"
400,three_hump_camel_function,"[-0.2566, -0.067]",0.1488,0.003,7.2,"[-4.9241, 1.4243]"
900,three_hump_camel_function,"[0.1567, -0.1718]",0.0511,0.0066,4.7,"[-7.6169, 2.5948]"
100,three_hump_camel_function,"[0.224, -0.1694]",0.0885,0.001,2.5,"[-3.3034, 7.0016]"
400,three_hump_camel_function,"[0.1182, 0.4671]",0.3011,0.003,8.1,"[-9.367, 6.6632]"
600,three_hump_camel_function,"[0.0309, -0.1076]",0.0102,0.005,1.5,"[-5.0812, 2.4448]"
300,three_hump_camel_function,"[-0.0403, -0.0604]",0.0093,0.0025,4.5,"[-9.6234, 1.0475]"
500,three_hump_camel_function,"[0.0099, 0.0414]",0.0023,0.0038,1.5,"[-0.5454, 5.5372]"
600,three_hump_camel_function,"[0.1157, -0.1426]",0.0304,0.004,2.0,"[-6.7313, 2.9306]"
200,three_hump_camel_function,"[0.0939, -0.1202]",0.0207,0.001,1.1,"[-1.188, 8.2957]"
700,three_hump_camel_function,"[1.6629, -0.0485]",0.9474,0.0055,0.4,"[-0.0485, 7.3023]"
400,three_hump_camel_function,"[0.1265, 0.0222]",0.0351,0.003,6.8,"[-6.6216, 5.8207]"
50,three_hump_camel_function,"[-0.3896, 1.2197]",1.2925,0.0,8.6,"[-7.0232, 4.8655]"
700,three_hump_camel_function,"[0.1877, -0.4097]",0.1601,0.0055,5.1,"[-4.2747, 8.4677]"
100,three_hump_camel_function,"[0.088, 0.0505]",0.0224,0.001,5.6,"[-4.8515, 3.0052]"
200,three_hump_camel_function,"[-0.0721, -0.1107]",0.0306,0.0015,7.3,"[-6.2677, 7.5845]"
900,three_hump_camel_function,"[-0.063, 0.3196]",0.09,0.0075,4.9,"[-3.7475, 1.4212]"
600,three_hump_camel_function,"[-0.0018, -0.0563]",0.0033,0.005,1.1,"[-0.6769, 2.178]"
900,three_hump_camel_function,"[-0.0976, 0.3768]",0.1241,0.0063,6.0,"[-7.0104, 9.8779]"
300,three_hump_camel_function,"[0.017, -0.4643]",0.2083,0.002,8.1,"[-5.6957, 3.4304]"
600,three_hump_camel_function,"[0.2505, -0.3958]",0.1789,0.0057,8.3,"[-5.6916, 1.0573]"
300,three_hump_camel_function,"[0.0053, -0.001]",0.0001,0.004,5.7,"[-3.9614, 9.3048]"
900,three_hump_camel_function,"[-0.0223, 0.0577]",0.003,0.0068,6.0,"[-4.7397, 0.0577]"
700,three_hump_camel_function,"[0.0506, -0.0384]",0.0046,0.0066,1.7,"[-1.7372, 7.8245]"
300,three_hump_camel_function,"[-0.3736, 0.4292]",0.283,0.0021,6.5,"[-5.5442, 4.3053]"
50,three_hump_camel_function,"[-0.0395, 0.5508]",0.2847,0.0,5.4,"[-9.4906, 0.5508]"
300,three_hump_camel_function,"[-0.0151, -0.0356]",0.0023,0.002,0.5,"[-0.9771, 0.8736]"
300,three_hump_camel_function,"[0.0289, -0.0806]",0.0058,0.002,2.2,"[-0.6106, 2.8973]"
200,three_hump_camel_function,"[-0.1067, 0.2712]",0.0673,0.001,3.5,"[-4.4889, 0.2712]"
600,three_hump_camel_function,"[-0.3785, 0.5077]",0.331,0.0051,8.5,"[-8.4725, 8.4763]"
400,three_hump_camel_function,"[-0.0131, 0.1562]",0.0227,0.003,1.4,"[-6.5592, 5.0226]"
50,three_hump_camel_function,"[-0.3216, -0.1714]",0.2803,0.0,2.4,"[-7.6692, 3.9727]"
1000,three_hump_camel_function,"[-0.0362, 0.0814]",0.0063,0.0075,2.6,"[-1.7207, 7.6647]"
100,three_hump_camel_function,"[-1.5192, 1.2662]",0.7516,0.001,7.2,"[-2.1847, 9.4944]"
50,three_hump_camel_function,"[2.0369, -1.3827]",1.2222,0.0,8.0,"[-9.6496, 5.9441]"
800,three_hump_camel_function,"[0.0806, -0.0144]",0.012,0.0075,7.2,"[-9.5829, 8.7586]"
10,three_hump_camel_function,"[-0.6988, -0.6987]",1.722,0.0001,8.9,"[-0.6988, 2.3789]"
900,three_hump_camel_function,"[-0.0163, 0.0044]",0.0005,0.0079,3.7,"[-3.6687, 3.7813]"
100,three_hump_camel_function,"[0.2967, -0.1956]",0.1483,0.001,3.2,"[-3.848, 3.7117]"
500,three_hump_camel_function,"[-0.1659, 0.3562]",0.122,0.0035,6.5,"[-8.3188, 2.8027]"
400,three_hump_camel_function,"[-0.018, -0.2879]",0.0887,0.003,9.8,"[-0.2879, 6.3863]"
800,three_hump_camel_function,"[-0.0971, 0.3053]",0.0823,0.006,9.5,"[-3.2893, 7.6187]"
500,three_hump_camel_function,"[-0.048, 0.0069]",0.0043,0.004,1.2,"[-7.609, 3.6406]"
600,three_hump_camel_function,"[-0.0471, -0.1493]",0.0337,0.004,6.4,"[-3.6866, 1.5119]"
100,three_hump_camel_function,"[0.0808, 0.0489]",0.0194,0.001,7.4,"[-5.637, 8.4659]"
50,three_hump_camel_function,"[1.8059, -0.6985]",0.3624,0.0,3.8,"[-1.3318, 7.7138]"
600,three_hump_camel_function,"[0.1199, -0.031]",0.0258,0.0046,3.5,"[-8.8288, 1.3978]"
100,three_hump_camel_function,"[-1.7384, 0.7823]",0.3067,0.001,0.7,"[-9.3656, 4.1509]"
200,three_hump_camel_function,"[1.7235, -0.8872]",0.3025,0.001,0.5,"[-1.0753, 7.0842]"
400,three_hump_camel_function,"[-0.0777, 0.2436]",0.0524,0.0031,3.7,"[-0.478, 6.8337]"
300,three_hump_camel_function,"[0.0538, -0.5395]",0.2678,0.002,5.3,"[-1.802, 2.7174]"
100,three_hump_camel_function,"[0.2798, -0.6053]",0.3472,0.0011,9.7,"[-0.9106, 6.823]"
400,three_hump_camel_function,"[-0.0264, 0.3204]",0.0956,0.002,7.7,"[-2.169, 1.479]"
700,three_hump_camel_function,"[0.1242, -0.1495]",0.0344,0.0054,8.8,"[-3.5262, 9.7493]"
100,three_hump_camel_function,"[1.86, -0.4984]",0.5745,0.0011,9.6,"[-4.3335, 2.6095]"
400,three_hump_camel_function,"[-0.056, 0.0926]",0.0096,0.003,6.2,"[-8.8683, 9.7312]"
300,three_hump_camel_function,"[-0.0559, -0.1064]",0.0235,0.0024,2.4,"[-8.3626, 1.5305]"
600,three_hump_camel_function,"[-0.1173, 0.13]",0.029,0.005,2.6,"[-3.7476, 1.5134]"
50,three_hump_camel_function,"[1.8288, -0.7206]",0.3805,0.001,8.5,"[-0.7206, 8.2742]"
10,three_hump_camel_function,"[-1.0451, 5.3428]",24.1108,0.0,2.5,"[-9.8732, 9.2106]"
600,three_hump_camel_function,"[0.1958, 0.0786]",0.0967,0.004,7.4,"[-6.6149, 4.7151]"
500,three_hump_camel_function,"[0.0748, 0.1667]",0.0514,0.0045,5.4,"[-3.6653, 7.2678]"
800,three_hump_camel_function,"[-0.1139, -0.2192]",0.0988,0.0067,9.7,"[-1.8855, 5.1747]"
300,three_hump_camel_function,"[-0.107, 0.4039]",0.1427,0.002,9.2,"[-3.0183, 4.5624]"
200,three_hump_camel_function,"[-0.0782, -0.1597]",0.0502,0.002,1.6,"[-0.9919, 9.9348]"
900,three_hump_camel_function,"[0.02, 0.0563]",0.0051,0.0066,1.2,"[-1.9183, 0.1146]"
300,three_hump_camel_function,"[-0.1781, 0.0619]",0.0552,0.002,8.3,"[-4.7429, 2.6512]"
50,three_hump_camel_function,"[1.8931, -0.0692]",1.227,0.0,8.0,"[-4.242, 9.7565]"
100,three_hump_camel_function,"[-1.6789, 0.0754]",0.9066,0.001,0.5,"[-5.5698, 0.0754]"
600,three_hump_camel_function,"[-0.2856, -0.1081]",0.1988,0.005,8.8,"[-5.3681, 3.1713]"
600,three_hump_camel_function,"[0.0673, -0.0302]",0.0079,0.0045,4.7,"[-1.4175, 9.8172]"
10,three_hump_camel_function,"[1.5093, -0.6746]",0.5143,0.001,2.2,"[-1.9001, 4.5957]"
400,three_hump_camel_function,"[0.1479, 0.3118]",0.1866,0.003,4.1,"[-4.6941, 9.7079]"
500,three_hump_camel_function,"[-0.594, 0.0147]",0.5737,0.004,7.2,"[-8.9964, 5.914]"
700,three_hump_camel_function,"[-0.0438, 0.0409]",0.0037,0.006,4.5,"[-1.675, 6.0264]"
50,three_hump_camel_function,"[0.3643, -0.6481]",0.4312,0.001,3.4,"[-2.9881, 9.5168]"
100,three_hump_camel_function,"[0.3024, -0.4446]",0.2374,0.0,2.3,"[-5.7908, 8.7478]"
400,three_hump_camel_function,"[-0.0335, 0.117]",0.012,0.003,8.6,"[-9.3706, 0.9811]"
200,three_hump_camel_function,"[-0.0889, 0.0524]",0.0138,0.001,0.9,"[-5.7277, 0.2362]"
800,three_hump_camel_function,"[-0.0726, -0.0779]",0.0222,0.0065,2.6,"[-9.3319, 6.2761]"
300,three_hump_camel_function,"[-1.8238, 0.9521]",0.339,0.002,10.0,"[-4.2302, 0.9521]"
100,three_hump_camel_function,"[0.1486, -0.4303]",0.1649,0.0005,6.7,"[-8.2726, 2.0772]"
400,three_hump_camel_function,"[0.1295, 0.1727]",0.0854,0.0026,7.5,"[-5.3294, 3.3747]"
100,three_hump_camel_function,"[-0.8589, -0.6027]",1.8517,0.001,0.1,"[-6.8557, 0.9899]"
50,three_hump_camel_function,"[0.1336, -0.9009]",0.7267,0.0,9.3,"[-8.9383, 7.7046]"
