Function,Iterations,Best Solution,Best Fitness,Execution Time (s),Step Size,Domain
rastrigin,800,"[0.0014, 0.9106]",2.3663,0.008,5.4,"[-5.012, 0.9106]"
rastrigin,300,"[-0.0376, 0.0677]",1.1739,0.0041,1.3,"[-1.5334, 8.2702]"
rastrigin,200,"[1.016, -0.9961]",2.0779,0.002,7.9,"[-4.3556, 1.8469]"
rastrigin,300,"[-0.9295, 0.0214]",1.9197,0.003,7.2,"[-3.5845, 1.1645]"
rastrigin,10,"[5.0381, 1.7668]",37.7356,0.001,9.2,"[-7.7986, 8.3629]"
rastrigin,10,"[0.0165, 1.154]",5.7105,0.0,3.7,"[-4.9365, 9.4102]"
rastrigin,1000,"[0.0092, 0.9954]",1.0118,0.0095,7.6,"[-1.8164, 4.3141]"
rastrigin,50,"[2.0163, -4.9658]",29.0068,0.0016,0.4,"[-9.7374, 3.1598]"
rastrigin,50,"[0.022, 0.9645]",1.2734,0.001,2.2,"[-9.5586, 8.4528]"
rastrigin,900,"[-0.0739, -1.0438]",2.5285,0.009,7.6,"[-5.8239, 2.2326]"
rastrigin,10,"[2.9327, 0.842]",14.7269,0.0,1.6,"[-2.6288, 4.7951]"
rastrigin,700,"[-0.9151, -1.046]",3.7363,0.0071,7.0,"[-2.6932, 8.0993]"
rastrigin,10,"[-0.8378, 1.2632]",17.8883,0.0,5.2,"[-6.4312, 6.6257]"
rastrigin,10,"[-4.0996, 4.081]",36.6222,0.0,0.3,"[-8.0722, 6.3551]"
rastrigin,800,"[-0.0284, 0.0371]",0.4303,0.0076,1.1,"[-7.9912, 4.9123]"
rastrigin,100,"[-0.9159, -2.9412]",11.5294,0.0016,6.6,"[-6.9862, 5.4892]"
rastrigin,500,"[0.9383, -0.0374]",1.8975,0.005,7.6,"[-5.791, 7.8116]"
rastrigin,100,"[-0.0312, 0.0215]",0.2849,0.001,2.3,"[-8.9284, 2.3335]"
rastrigin,300,"[0.0962, -0.9552]",3.0884,0.0042,7.3,"[-1.6347, 8.2705]"
rastrigin,600,"[-0.8969, 0.9505]",4.2143,0.0058,8.7,"[-5.0054, 2.3751]"
rastrigin,800,"[-1.0407, -0.036]",1.6642,0.0083,9.0,"[-4.0575, 7.0592]"
rastrigin,300,"[1.0005, 1.009]",2.0352,0.0035,1.4,"[-0.6475, 9.9204]"
rastrigin,300,"[-5.043, -2.0509]",30.5076,0.0036,0.7,"[-8.5088, 1.8213]"
rastrigin,700,"[0.0135, -0.0123]",0.0659,0.0069,1.4,"[-9.5883, 7.6359]"
rastrigin,700,"[0.9732, -0.9378]",2.7231,0.0071,6.4,"[-6.7672, 5.0858]"
rastrigin,400,"[-0.9894, 0.0692]",1.9363,0.004,3.6,"[-2.6254, 9.619]"
rastrigin,100,"[0.0425, -1.9063]",5.6733,0.001,7.0,"[-6.4319, 8.9]"
rastrigin,500,"[1.0497, 0.0397]",1.8969,0.005,8.1,"[-8.9048, 1.3159]"
rastrigin,700,"[0.9275, 0.0279]",2.0344,0.007,9.7,"[-8.3603, 5.3706]"
rastrigin,100,"[1.0254, 2.9383]",10.554,0.0012,8.4,"[-6.1363, 5.7512]"
rastrigin,400,"[-1.0573, -0.9303]",3.5696,0.0043,9.2,"[-9.2428, 0.7114]"
rastrigin,500,"[0.0675, 0.8792]",4.4105,0.005,7.7,"[-6.5638, 5.9335]"
rastrigin,800,"[0.0021, 0.0044]",0.0048,0.0076,1.3,"[-0.0977, 0.0044]"
rastrigin,300,"[-0.0044, -1.0687]",2.0627,0.004,3.6,"[-1.0687, 8.2762]"
rastrigin,1000,"[0.002, -0.0516]",0.5243,0.0096,9.4,"[-0.0516, 1.9418]"
rastrigin,200,"[0.8779, -1.0592]",5.3794,0.002,9.4,"[-3.2986, 1.9336]"
rastrigin,50,"[0.0302, 1.9944]",4.1644,0.0,5.2,"[-6.2003, 5.0741]"
rastrigin,100,"[0.9027, -0.0404]",2.9481,0.001,5.2,"[-3.7744, 0.9027]"
rastrigin,700,"[0.9846, -0.0315]",1.2123,0.0064,3.0,"[-8.162, 4.2175]"
rastrigin,1000,"[0.0382, 0.9842]",1.3061,0.0099,4.3,"[-7.7343, 2.185]"
rastrigin,300,"[-0.0587, 0.0449]",1.0746,0.004,3.3,"[-7.9904, 7.8075]"
rastrigin,400,"[0.9864, 0.0095]",1.0273,0.0041,0.5,"[-3.3509, 3.3578]"
rastrigin,900,"[0.102, -0.0884]",3.5036,0.009,5.0,"[-4.268, 1.2381]"
rastrigin,600,"[-2.9956, -8.9852]",89.754,0.0058,0.5,"[-9.9934, 0.6454]"
rastrigin,500,"[0.0164, -1.0309]",1.3041,0.006,8.3,"[-4.5094, 4.9348]"
rastrigin,400,"[0.013, 0.9977]",1.03,0.006,8.8,"[-9.0505, 0.9977]"
rastrigin,900,"[1.058, -0.1663]",6.7825,0.0088,8.6,"[-0.4173, 9.6698]"
rastrigin,1000,"[-1.0122, -0.9651]",2.2253,0.0096,9.3,"[-9.6629, 5.7383]"
rastrigin,900,"[-1.0483, 0.0308]",1.744,0.0088,5.2,"[-3.9455, 2.9724]"
rastrigin,800,"[-1.0068, 0.911]",3.3769,0.0079,5.3,"[-5.7364, 8.3976]"
rastrigin,1000,"[0.0323, 0.019]",0.2771,0.0096,1.7,"[-2.1617, 1.4697]"
rastrigin,700,"[-0.0463, -0.0317]",0.6221,0.0065,3.4,"[-4.2741, 1.5867]"
rastrigin,1000,"[-1.0372, 0.0635]",2.1364,0.0097,4.8,"[-9.7783, 3.0418]"
rastrigin,300,"[-1.0136, -1.0871]",3.7075,0.003,2.0,"[-8.4252, 5.0323]"
rastrigin,900,"[-0.039, 0.9974]",1.2961,0.0087,4.7,"[-2.5538, 6.2496]"
rastrigin,900,"[1.9879, 0.9876]",4.9864,0.0089,0.3,"[-3.4675, 9.8957]"
rastrigin,300,"[0.0656, -1.9505]",5.1257,0.003,1.6,"[-8.2458, 8.0066]"
rastrigin,100,"[1.0283, 0.9192]",3.3217,0.001,2.5,"[-4.7565, 4.9726]"
rastrigin,700,"[1.0158, 0.0222]",1.1788,0.0068,5.4,"[-8.5427, 1.2892]"
rastrigin,50,"[-3.0789, 0.0475]",11.1286,0.0006,5.8,"[-3.7494, 1.4288]"
rastrigin,200,"[0.0356, 0.9836]",1.2708,0.001,9.7,"[-3.4166, 8.6068]"
rastrigin,500,"[0.007, -0.0534]",0.5707,0.0048,2.0,"[-3.3706, 1.0171]"
rastrigin,600,"[1.0042, 0.9028]",3.6356,0.0059,6.3,"[-6.987, 2.7913]"
rastrigin,600,"[0.0381, 0.9562]",1.5779,0.006,9.5,"[-9.2255, 2.6656]"
rastrigin,500,"[0.0723, -1.0371]",2.3654,0.0048,4.8,"[-4.5992, 9.5933]"
rastrigin,1000,"[0.016, -0.0444]",0.4389,0.0097,2.8,"[-1.5172, 6.0947]"
rastrigin,200,"[-0.9871, -0.8497]",5.8651,0.001,8.9,"[-1.7216, 2.1707]"
rastrigin,500,"[-1.045, -0.072]",2.5013,0.005,7.0,"[-6.2362, 7.4283]"
rastrigin,1000,"[0.9874, -0.9982]",2.0034,0.0099,5.4,"[-3.8872, 9.4251]"
rastrigin,800,"[0.0486, 0.0523]",1.0027,0.0078,1.8,"[-6.9588, 8.4949]"
rastrigin,700,"[-1.079, -1.1121]",5.9856,0.007,8.5,"[-2.6982, 3.6608]"
rastrigin,100,"[2.9989, 1.7729]",20.703,0.001,8.9,"[-6.9923, 9.944]"
rastrigin,300,"[-0.1143, -1.0027]",3.4882,0.0027,7.1,"[-2.9073, 5.9666]"
rastrigin,500,"[0.0411, 0.0358]",0.5867,0.0045,3.4,"[-9.1027, 4.0792]"
rastrigin,200,"[0.0404, 0.0001]",0.3219,0.0016,1.2,"[-6.6072, 0.0404]"
rastrigin,500,"[0.0496, -0.8737]",4.2351,0.005,5.1,"[-5.8166, 1.3225]"
rastrigin,700,"[-2.9869, -3.9944]",24.9166,0.007,0.7,"[-7.7442, 3.1901]"
rastrigin,400,"[-0.0501, 0.009]",0.5101,0.0044,1.8,"[-9.7751, 6.2306]"
rastrigin,800,"[-0.044, -0.9241]",2.352,0.008,10.0,"[-3.1934, 4.5666]"
rastrigin,500,"[-0.0116, -1.104]",3.3058,0.005,6.8,"[-1.104, 4.8354]"
rastrigin,10,"[-0.7877, 1.8937]",14.0087,0.0,1.0,"[-1.1013, 9.9355]"
rastrigin,600,"[-0.1055, 1.0742]",4.3502,0.0049,9.9,"[-3.0673, 9.4986]"
rastrigin,900,"[0.977, 0.0103]",1.0798,0.0086,0.8,"[-2.0803, 1.9347]"
rastrigin,1000,"[-0.0676, 0.1157]",3.4373,0.0096,7.0,"[-5.6555, 6.8776]"
rastrigin,200,"[2.0053, -0.001]",4.0268,0.0016,3.1,"[-2.2954, 2.0053]"
rastrigin,100,"[-1.1257, -0.8057]",11.4522,0.001,8.0,"[-8.323, 3.6363]"
rastrigin,1000,"[-0.0006, 0.0146]",0.0424,0.0102,1.4,"[-2.5898, 8.6586]"
rastrigin,400,"[-0.1059, 0.0188]",2.2129,0.0041,1.7,"[-6.2899, 8.8793]"
rastrigin,100,"[-2.0674, 4.0193]",21.3844,0.001,0.9,"[-3.4447, 4.8444]"
rastrigin,800,"[-2.9834, 1.9941]",12.9383,0.0079,0.2,"[-5.0803, 7.0489]"
rastrigin,300,"[-0.8836, -1.0929]",6.1891,0.003,6.5,"[-7.4343, 7.8709]"
rastrigin,700,"[-0.0034, -0.0945]",1.7219,0.006,2.9,"[-0.4231, 7.3408]"
rastrigin,400,"[1.8543, -2.0449]",11.9188,0.004,9.7,"[-7.8675, 8.351]"
rastrigin,100,"[0.026, -1.1929]",8.0448,0.001,8.3,"[-8.6063, 1.2023]"
rastrigin,10,"[1.0513, 3.0548]",11.5392,0.0,2.3,"[-6.0093, 6.455]"
rastrigin,1000,"[-0.0478, 0.9444]",1.9455,0.0098,5.2,"[-3.8977, 1.1697]"
rastrigin,50,"[0.0582, 1.7706]",12.5078,0.001,3.4,"[-7.1972, 1.7706]"
rastrigin,1000,"[0.0034, -0.8882]",3.158,0.0098,7.6,"[-0.8882, 8.0351]"
rastrigin,700,"[0.9898, 1.0305]",2.245,0.0069,4.6,"[-5.7461, 8.7468]"
rastrigin,100,"[-0.8163, -0.8163]",13.2398,0.001,7.8,"[-0.8163, 0.478]"
rastrigin,700,"[-0.0172, -0.0323]",0.2652,0.0067,3.2,"[-6.2892, 4.8579]"
rastrigin,200,"[0.0489, 0.0133]",0.5064,0.002,8.2,"[-2.0593, 3.1162]"
rastrigin,600,"[0.1577, -0.0747]",5.6305,0.0066,10.0,"[-7.5707, 4.5864]"
rastrigin,700,"[-0.0486, -0.0095]",0.4826,0.0073,3.6,"[-2.6518, 9.5998]"
rastrigin,700,"[1.0484, 1.0405]",2.9615,0.0077,7.9,"[-7.3472, 5.1567]"
rastrigin,50,"[-1.9531, 2.1922]",15.4968,0.0,2.1,"[-2.7443, 5.4658]"
rastrigin,300,"[0.9512, 0.8783]",4.9285,0.003,9.3,"[-9.1957, 2.4664]"
rastrigin,700,"[1.0371, -0.1399]",4.9866,0.0069,8.6,"[-3.7763, 5.52]"
rastrigin,1000,"[0.0097, 0.0317]",0.2168,0.0096,1.9,"[-4.6677, 3.297]"
rastrigin,50,"[1.9697, 2.9149]",13.9536,0.0,1.0,"[-0.8958, 8.6367]"
rastrigin,10,"[0.9589, -0.9103]",3.6252,0.0,1.6,"[-8.0616, 7.6685]"
rastrigin,700,"[1.9859, -2.9839]",12.9378,0.0065,0.2,"[-5.0128, 3.2367]"
rastrigin,50,"[-2.1168, -0.0401]",7.3703,0.001,5.5,"[-2.1168, 4.3462]"
rastrigin,100,"[1.1388, 1.9009]",10.3564,0.001,6.1,"[-7.3268, 4.7258]"
rastrigin,200,"[-0.0475, -0.0873]",1.9197,0.0023,2.9,"[-8.9572, 1.6556]"
rastrigin,900,"[-0.9926, -0.1312]",4.2218,0.0097,9.8,"[-6.9526, 3.9362]"
rastrigin,800,"[-1.9865, -1.0]",4.9822,0.0085,6.6,"[-3.2625, 0.706]"
rastrigin,300,"[1.0587, 0.076]",2.9181,0.0034,3.8,"[-2.6521, 9.7971]"
rastrigin,400,"[6.9597, -3.9765]",64.6775,0.004,0.1,"[-6.5668, 8.9552]"
rastrigin,1000,"[0.9502, 0.9397]",2.9809,0.0089,7.2,"[-4.4449, 9.8199]"
rastrigin,200,"[-0.9382, -0.8728]",5.4121,0.002,2.7,"[-3.0942, 0.3583]"
rastrigin,200,"[-0.0531, 0.0053]",0.5594,0.0021,3.0,"[-9.4142, 1.4099]"
rastrigin,400,"[0.0321, -0.0451]",0.6041,0.004,1.7,"[-4.1535, 3.7654]"
rastrigin,600,"[-0.0107, -0.0285]",0.1832,0.0066,5.0,"[-6.2641, 7.7254]"
rastrigin,1000,"[-0.0369, 0.0735]",1.3218,0.0096,6.0,"[-1.6133, 5.6058]"
rastrigin,400,"[-0.0421, 0.039]",0.6497,0.004,1.7,"[-6.7764, 8.7387]"
rastrigin,600,"[0.0016, -1.9938]",3.9833,0.006,0.1,"[-3.2001, 6.5389]"
rastrigin,700,"[-0.0414, -0.9442]",1.8381,0.0069,3.1,"[-2.2862, 4.768]"
rastrigin,1000,"[1.9712, -0.0038]",4.0521,0.0095,5.9,"[-6.5761, 8.0815]"
rastrigin,300,"[1.0012, 0.9488]",2.4153,0.0027,1.0,"[-0.4046, 2.2452]"
rastrigin,50,"[2.0877, -2.1428]",14.19,0.0,2.7,"[-4.5314, 6.7093]"
rastrigin,700,"[-0.9853, 0.0107]",1.0364,0.0069,2.1,"[-8.1698, 7.5096]"
rastrigin,600,"[0.0709, -0.9355]",2.6656,0.0061,9.8,"[-6.9932, 9.2519]"
rastrigin,200,"[-2.0556, 1.0107]",5.8732,0.002,8.5,"[-4.7852, 2.7622]"
rastrigin,300,"[0.9701, -0.0145]",1.1585,0.003,3.1,"[-1.2498, 6.4048]"
rastrigin,900,"[-0.0367, -0.0547]",0.8544,0.0087,2.1,"[-1.5053, 8.5873]"
rastrigin,700,"[-0.9718, 0.048]",1.554,0.0067,8.7,"[-9.3779, 6.1432]"
rastrigin,10,"[-1.9351, 3.1507]",18.6519,0.0,5.8,"[-3.5662, 3.1507]"
rastrigin,900,"[-0.018, 0.0172]",0.1231,0.0085,1.2,"[-0.7676, 6.3864]"
rastrigin,50,"[0.9664, 0.9437]",2.6652,0.001,2.8,"[-2.86, 1.5573]"
rastrigin,700,"[1.0039, -2.0025]",5.0222,0.0066,4.1,"[-3.1967, 4.726]"
rastrigin,600,"[0.085, -0.0476]",1.8462,0.0055,3.5,"[-1.9909, 2.5677]"
rastrigin,400,"[1.0258, 0.9037]",3.7749,0.0037,3.5,"[-0.7839, 4.8339]"
rastrigin,900,"[-0.0013, -0.0414]",0.3378,0.0101,4.3,"[-2.722, 7.8005]"
rastrigin,500,"[-2.001, 3.9829]",19.9252,0.005,0.2,"[-2.8787, 4.2681]"
rastrigin,10,"[0.4036, -1.7778]",29.8073,0.0,7.5,"[-9.9932, 0.4036]"
rastrigin,10,"[-0.9577, -1.1606]",7.2917,0.0,8.7,"[-2.1107, 0.7664]"
rastrigin,600,"[0.005, -0.0655]",0.8451,0.0056,3.9,"[-1.5718, 0.5493]"
rastrigin,100,"[0.0216, 0.0575]",0.7407,0.001,9.0,"[-9.3723, 1.7382]"
rastrigin,800,"[0.0366, 1.0002]",1.2649,0.0086,0.9,"[-4.7528, 6.0521]"
rastrigin,600,"[0.0024, -0.0004]",0.0011,0.0056,6.1,"[-1.4364, 3.0084]"
rastrigin,500,"[-0.079, -0.0462]",1.6332,0.0052,2.6,"[-5.8164, 7.6208]"
rastrigin,200,"[-0.0047, 0.9787]",1.0517,0.002,5.0,"[-7.0533, 3.898]"
rastrigin,10,"[2.1766, 1.753]",23.1687,0.0,4.6,"[-1.4129, 3.6155]"
rastrigin,200,"[-0.1607, 0.0964]",6.4916,0.001,4.0,"[-2.4159, 5.635]"
rastrigin,300,"[-0.0035, -6.9239]",49.064,0.003,0.6,"[-9.1781, 2.6332]"
rastrigin,10,"[0.5971, 2.4077]",42.7139,0.0,9.8,"[-8.4923, 9.588]"
rastrigin,900,"[-0.0303, -0.1332]",3.5001,0.0086,5.4,"[-1.8447, 4.9543]"
rastrigin,900,"[-0.0307, 0.9905]",1.1857,0.0082,4.2,"[-4.5594, 7.7125]"
rastrigin,600,"[-0.0978, 0.096]",3.6113,0.005,6.9,"[-7.4652, 4.569]"
rastrigin,800,"[0.8772, 0.0069]",3.6121,0.0085,5.7,"[-3.0064, 1.3059]"
rastrigin,700,"[-0.0326, 1.1119]",3.8153,0.0075,5.0,"[-2.4324, 5.8049]"
rastrigin,10,"[-1.606, 0.0357]",20.6952,0.0,4.8,"[-3.4672, 2.4782]"
rastrigin,100,"[0.1784, 0.1969]",12.4516,0.001,5.0,"[-0.698, 6.5421]"
rastrigin,300,"[-4.9847, -2.9538]",34.0372,0.002,0.7,"[-7.8786, 2.6057]"
rastrigin,700,"[-0.094, 0.9936]",2.6979,0.0077,4.1,"[-1.8032, 7.5184]"
rastrigin,1000,"[0.015, -0.98]",1.0841,0.0096,4.0,"[-7.0848, 4.7601]"
rastrigin,200,"[-1.8115, -1.0167]",10.6032,0.0022,8.4,"[-6.9658, 6.2913]"
rastrigin,10,"[-0.0118, -0.0118]",0.0552,0.001,9.3,"[-0.0118, 3.662]"
rastrigin,900,"[0.0014, 1.0119]",1.052,0.0096,4.9,"[-3.7849, 9.3456]"
rastrigin,100,"[-1.0572, -0.0389]",2.056,0.001,4.8,"[-7.2368, 8.0251]"
rastrigin,10,"[1.4096, -0.8541]",25.0613,0.0,9.2,"[-7.7462, 1.4096]"
rastrigin,200,"[-0.0828, 1.9959]",5.3169,0.0016,10.0,"[-5.7552, 5.2279]"
rastrigin,300,"[1.1461, 0.03]",5.4159,0.002,7.0,"[-7.5278, 1.4494]"
rastrigin,1000,"[-0.0232, -0.9797]",1.1476,0.0096,3.6,"[-8.3224, 7.3766]"
rastrigin,100,"[0.0192, 0.9727]",1.1659,0.001,9.6,"[-2.3514, 0.9727]"
rastrigin,700,"[0.1163, -1.0338]",3.8615,0.006,6.0,"[-9.0032, 5.7075]"
rastrigin,50,"[0.1628, 0.1028]",6.8421,0.001,9.7,"[-5.3452, 0.6907]"
rastrigin,50,"[1.758, -0.9278]",14.4577,0.0,7.6,"[-7.1778, 7.5115]"
rastrigin,800,"[0.0004, 0.9766]",1.0619,0.0076,5.9,"[-0.7068, 0.9766]"
rastrigin,800,"[-1.973, 4.9706]",28.9131,0.0085,0.5,"[-8.8131, 6.8109]"
rastrigin,1000,"[1.0236, -0.9304]",2.9641,0.0098,3.7,"[-6.6578, 6.2033]"
rastrigin,900,"[0.0148, -0.0333]",0.2621,0.0087,1.4,"[-4.373, 8.2972]"
rastrigin,50,"[0.0545, 0.0545]",1.1692,0.001,8.0,"[-8.6385, 0.0545]"
rastrigin,100,"[1.1554, -0.89]",8.8193,0.0,5.6,"[-5.1246, 1.6397]"
rastrigin,100,"[0.9341, -0.0244]",1.8345,0.001,2.6,"[-3.4743, 1.108]"
rastrigin,300,"[1.9705, -0.0271]",4.1996,0.0037,8.5,"[-1.751, 5.5083]"
rastrigin,800,"[-0.1013, -0.0252]",2.0934,0.0076,3.3,"[-4.8586, 5.9861]"
rastrigin,10,"[-3.9124, -1.112]",20.3956,0.0,1.8,"[-8.4054, 0.6391]"
rastrigin,300,"[-0.9998, -1.0067]",2.022,0.003,2.1,"[-5.3074, 3.3526]"
rastrigin,800,"[-2.0152, 1.0138]",5.1725,0.0076,9.0,"[-9.1797, 7.6402]"
rastrigin,50,"[0.9538, -0.0401]",1.6452,0.0012,7.7,"[-3.0551, 2.9865]"
rastrigin,50,"[-1.0368, 5.9549]",37.1998,0.001,0.7,"[-2.3531, 6.348]"
rastrigin,10,"[-2.8389, 0.1328]",16.0629,0.0,5.5,"[-5.9508, 9.0241]"
rastrigin,10,"[2.04, 1.439]",25.8207,0.0,6.5,"[-1.3564, 6.8192]"
rastrigin,100,"[-1.0821, 0.0686]",3.3936,0.0016,2.3,"[-9.3434, 0.6659]"
rastrigin,400,"[0.974, -0.9841]",2.0997,0.0039,3.4,"[-8.532, 3.7586]"
rastrigin,400,"[0.9334, -0.0298]",1.9094,0.0046,2.6,"[-4.8761, 9.0006]"
rastrigin,500,"[-0.0267, 1.0068]",1.1633,0.005,2.1,"[-9.1283, 4.9815]"
rastrigin,600,"[0.8876, 1.0419]",4.6107,0.0067,4.9,"[-5.8742, 5.8788]"
himmelblau_function,1000,"[-2.6309, 3.0766]",1.0306,0.0076,4.7,"[-3.8595, 4.6068]"
himmelblau_function,900,"[3.5771, -1.8699]",0.0109,0.0056,8.5,"[-2.3856, 7.5347]"
himmelblau_function,600,"[-3.9932, -2.8479]",12.7107,0.0045,9.0,"[-8.1819, 1.3037]"
himmelblau_function,600,"[-2.9795, 3.2183]",1.3436,0.0045,10.0,"[-6.2899, 7.6693]"
himmelblau_function,300,"[-2.7515, 3.078]",0.2,0.003,1.0,"[-4.2019, 5.4959]"
himmelblau_function,200,"[3.0063, 1.9937]",0.0014,0.002,0.4,"[-2.3364, 5.5497]"
himmelblau_function,800,"[-3.8204, -3.2206]",0.3414,0.0056,3.2,"[-9.3442, 0.1647]"
himmelblau_function,500,"[-3.6722, -3.1644]",0.895,0.003,2.0,"[-9.988, 1.4482]"
himmelblau_function,200,"[0.7325, -1.5327]",159.2615,0.0015,0.4,"[-4.1238, 0.7325]"
himmelblau_function,400,"[3.5881, -1.9693]",0.2262,0.0025,6.8,"[-9.1958, 9.0515]"
himmelblau_function,100,"[2.9896, 2.0315]",0.0145,0.0011,0.6,"[-9.0136, 5.4827]"
himmelblau_function,500,"[-3.8734, -3.1802]",1.2543,0.004,4.8,"[-9.3994, 2.2869]"
himmelblau_function,900,"[3.0953, 2.1604]",1.1314,0.006,7.4,"[-2.9055, 7.3131]"
himmelblau_function,100,"[3.0335, 1.62]",1.8329,0.001,3.8,"[-5.7399, 4.6724]"
himmelblau_function,900,"[-3.9946, -3.4392]",2.9978,0.0067,5.9,"[-7.5276, 7.727]"
himmelblau_function,800,"[3.5986, -1.8959]",0.0403,0.0055,5.6,"[-4.1677, 7.5857]"
himmelblau_function,200,"[3.5984, -2.1502]",1.533,0.001,4.8,"[-6.4313, 8.9176]"
himmelblau_function,100,"[-3.657, -3.3477]",1.2525,0.001,7.0,"[-8.5997, 2.5552]"
himmelblau_function,200,"[3.5629, -1.6674]",0.4324,0.001,8.1,"[-3.6348, 4.4398]"
himmelblau_function,200,"[-3.8959, -3.4389]",1.4116,0.001,10.0,"[-9.984, 1.6096]"
himmelblau_function,400,"[3.0099, 2.0471]",0.0516,0.0028,0.6,"[-1.1815, 8.9811]"
himmelblau_function,900,"[2.368, 2.3106]",9.9995,0.0073,8.5,"[-0.9348, 2.368]"
himmelblau_function,50,"[-3.2217, -3.2217]",14.7889,0.0,7.8,"[-3.2217, 1.5905]"
himmelblau_function,100,"[2.7579, 2.0598]",1.7797,0.001,6.3,"[-8.6226, 2.7579]"
himmelblau_function,500,"[3.6033, -1.8364]",0.0223,0.0031,1.0,"[-9.858, 7.5411]"
himmelblau_function,200,"[3.0094, 1.9891]",0.0032,0.001,0.2,"[-2.2627, 6.2099]"
himmelblau_function,500,"[3.5159, -1.585]",0.9947,0.003,10.0,"[-7.0326, 5.5416]"
himmelblau_function,50,"[-3.3842, -3.4096]",10.2824,0.0,9.3,"[-7.5992, 1.6877]"
himmelblau_function,600,"[1.8609, 1.8609]",35.025,0.0048,5.6,"[-1.1635, 1.8609]"
himmelblau_function,500,"[-2.9009, 3.0854]",0.3963,0.004,9.2,"[-4.8317, 5.8237]"
himmelblau_function,10,"[2.7809, 2.1595]",1.4237,0.0,1.7,"[-0.0643, 8.3506]"
himmelblau_function,1000,"[-2.6538, -2.6538]",50.5252,0.0067,9.3,"[-2.6538, 1.2914]"
himmelblau_function,1000,"[3.5746, -1.8844]",0.0272,0.008,1.4,"[-5.0242, 5.7344]"
himmelblau_function,50,"[3.3042, 2.0251]",3.9378,0.0,4.2,"[-7.9856, 7.332]"
himmelblau_function,500,"[3.5424, -1.8395]",0.0901,0.004,3.1,"[-5.2838, 7.5866]"
himmelblau_function,900,"[3.6106, -1.8691]",0.0389,0.006,8.2,"[-3.4015, 5.2705]"
himmelblau_function,500,"[3.2255, 1.7322]",1.8902,0.003,7.6,"[-0.3176, 6.9516]"
himmelblau_function,1000,"[3.5399, -1.9214]",0.2061,0.0075,2.4,"[-4.6762, 4.5691]"
himmelblau_function,900,"[3.4945, -1.86]",0.4222,0.007,9.9,"[-1.86, 8.2627]"
himmelblau_function,900,"[-3.844, -3.2919]",0.2346,0.006,3.1,"[-9.4431, 4.2393]"
himmelblau_function,1000,"[3.5811, -1.7927]",0.043,0.0075,6.3,"[-9.3779, 9.4676]"
himmelblau_function,300,"[-2.8416, 3.1253]",0.0454,0.002,1.5,"[-8.2256, 9.9717]"
himmelblau_function,500,"[-2.8237, -2.8237]",37.6506,0.0036,2.6,"[-2.8237, 2.999]"
himmelblau_function,200,"[-2.7186, 2.8273]",3.5865,0.0023,7.8,"[-5.9765, 5.5526]"
himmelblau_function,10,"[1.8849, 1.8849]",33.3797,0.0,6.6,"[-0.7327, 1.8849]"
himmelblau_function,600,"[-3.8139, -3.2928]",0.0649,0.004,0.8,"[-6.7049, 0.4827]"
himmelblau_function,1000,"[-3.7669, -3.2485]",0.0495,0.007,3.1,"[-3.8852, 3.4362]"
himmelblau_function,300,"[3.0382, 1.7053]",1.1145,0.002,5.1,"[-4.4538, 7.2244]"
himmelblau_function,600,"[0.6953, -1.5604]",160.8302,0.0035,0.2,"[-8.563, 0.6953]"
himmelblau_function,900,"[3.0208, 1.987]",0.0135,0.0064,5.9,"[-1.8897, 3.0208]"
himmelblau_function,800,"[-2.7295, 2.9959]",0.8753,0.0054,8.3,"[-4.4122, 7.3407]"
himmelblau_function,400,"[3.454, -1.989]",1.2899,0.0037,3.9,"[-6.4782, 6.5272]"
himmelblau_function,600,"[3.6405, -2.1081]",1.1971,0.004,4.8,"[-9.5673, 6.5113]"
himmelblau_function,10,"[3.5328, -1.0893]",5.354,0.0,9.1,"[-5.419, 3.5328]"
himmelblau_function,600,"[3.0269, 2.0061]",0.0308,0.0036,7.5,"[-0.7639, 4.7043]"
himmelblau_function,800,"[2.0622, 2.0622]",22.4174,0.0061,1.3,"[-1.1579, 2.0622]"
himmelblau_function,10,"[2.2741, -2.0434]",62.2726,0.0,1.8,"[-6.4033, 2.8357]"
himmelblau_function,200,"[-3.5091, -3.5339]",8.8468,0.001,4.2,"[-5.8169, 3.1025]"
himmelblau_function,800,"[3.6394, -1.7699]",0.2779,0.006,9.8,"[-6.0859, 5.5888]"
himmelblau_function,600,"[3.5854, -1.9494]",0.1576,0.004,7.7,"[-1.9494, 7.4333]"
himmelblau_function,500,"[-4.0405, -3.3116]",4.0615,0.0025,6.8,"[-6.4054, 8.7014]"
himmelblau_function,1000,"[3.002, 2.0381]",0.0268,0.008,1.2,"[-4.4101, 5.8055]"
himmelblau_function,200,"[-4.164, -2.97]",16.84,0.001,6.6,"[-5.5099, 1.4033]"
himmelblau_function,700,"[-3.9388, -3.5795]",4.3858,0.005,5.0,"[-4.595, 1.5713]"
himmelblau_function,1000,"[3.137, 1.9211]",0.6105,0.0076,6.4,"[-7.1053, 8.5585]"
himmelblau_function,800,"[3.5604, -1.7963]",0.0597,0.006,1.5,"[-6.3338, 5.7379]"
himmelblau_function,600,"[2.9286, 2.0483]",0.156,0.0043,7.0,"[-1.5602, 2.9286]"
himmelblau_function,600,"[2.9079, 1.6205]",3.002,0.0042,9.6,"[-6.5356, 6.8885]"
himmelblau_function,200,"[-2.8935, 3.0791]",0.374,0.001,1.7,"[-5.0053, 5.7159]"
himmelblau_function,700,"[3.4908, -1.7435]",0.5315,0.0049,5.3,"[-3.9821, 8.1503]"
himmelblau_function,500,"[3.1509, 1.8951]",0.7439,0.003,3.9,"[-6.9833, 9.4518]"
himmelblau_function,700,"[3.584, -1.7452]",0.147,0.0046,1.3,"[-4.5049, 5.252]"
himmelblau_function,700,"[2.8295, 2.2795]",1.5628,0.0045,6.2,"[-1.1782, 6.1139]"
himmelblau_function,400,"[2.9797, 1.9517]",0.0734,0.003,1.3,"[-1.1808, 3.4509]"
himmelblau_function,1000,"[-3.8768, -3.2103]",0.9973,0.007,4.4,"[-7.7887, 1.7335]"
himmelblau_function,50,"[-3.6961, -2.4215]",23.4099,0.0,3.0,"[-4.7366, 2.3901]"
himmelblau_function,100,"[-3.2318, -2.7531]",17.9799,0.001,7.7,"[-5.4155, 1.636]"
himmelblau_function,300,"[1.1355, 1.1355]",94.466,0.0025,1.1,"[-0.9475, 1.1355]"
himmelblau_function,700,"[3.632, -1.8322]",0.1289,0.005,2.1,"[-3.6626, 6.1182]"
himmelblau_function,600,"[-3.7513, -3.4079]",0.8567,0.0045,1.7,"[-9.3423, 8.8543]"
himmelblau_function,700,"[-2.6591, 3.1318]",0.6584,0.0056,7.8,"[-3.6581, 5.6878]"
himmelblau_function,900,"[3.6012, -1.8457]",0.0151,0.0062,2.3,"[-9.5967, 4.1401]"
himmelblau_function,700,"[-3.6657, -3.1774]",0.8724,0.0051,10.0,"[-3.6657, 3.3409]"
himmelblau_function,300,"[-2.7423, 3.135]",0.1261,0.002,9.5,"[-2.7423, 3.5346]"
himmelblau_function,400,"[3.0776, 1.6458]",1.4867,0.0036,5.6,"[-5.2685, 9.8507]"
himmelblau_function,200,"[-4.1163, -3.3389]",6.7878,0.0016,9.6,"[-4.1163, 0.2857]"
himmelblau_function,50,"[-4.0907, -3.5663]",7.3473,0.0,2.8,"[-7.7501, 8.0579]"
himmelblau_function,600,"[3.61, -1.7592]",0.1615,0.0046,6.1,"[-4.0059, 6.6553]"
himmelblau_function,50,"[2.9492, 1.5872]",2.8561,0.001,6.5,"[-8.891, 4.4017]"
himmelblau_function,300,"[-3.7703, -3.4622]",1.5404,0.0026,3.3,"[-8.3675, 1.29]"
himmelblau_function,50,"[-2.6115, 3.4526]",5.8592,0.0,3.8,"[-2.6115, 4.2968]"
himmelblau_function,300,"[-3.7693, -3.2799]",0.0054,0.003,0.2,"[-9.5192, 8.5459]"
himmelblau_function,1000,"[3.5077, -1.7107]",0.4858,0.0067,6.3,"[-4.3981, 4.8879]"
himmelblau_function,500,"[-2.5386, 3.0211]",2.5236,0.0041,9.9,"[-3.2979, 7.6595]"
himmelblau_function,700,"[3.0435, 1.8393]",0.3395,0.0049,2.3,"[-0.7844, 7.8049]"
himmelblau_function,900,"[3.5678, -1.9633]",0.2332,0.0066,9.0,"[-9.1677, 7.1323]"
himmelblau_function,800,"[-2.8941, 3.2612]",0.9547,0.006,4.6,"[-7.425, 8.1985]"
himmelblau_function,300,"[3.8161, -1.7847]",3.1604,0.0026,7.8,"[-4.0594, 7.7655]"
himmelblau_function,10,"[-3.9744, -4.5894]",101.8072,0.0,3.3,"[-6.4723, 9.0568]"
himmelblau_function,200,"[1.9269, 1.9269]",30.5787,0.0015,7.9,"[-5.9058, 1.9269]"
himmelblau_function,1000,"[-3.6164, -3.2683]",1.4202,0.007,9.8,"[-6.6763, 2.1424]"
himmelblau_function,300,"[-3.2556, -3.2556]",13.4901,0.003,6.1,"[-3.2556, 0.0469]"
himmelblau_function,100,"[2.8683, 1.933]",0.8618,0.001,5.3,"[-2.361, 5.7163]"
himmelblau_function,50,"[3.3185, -0.6742]",10.851,0.001,9.5,"[-0.6742, 9.1918]"
himmelblau_function,800,"[3.5998, -1.7375]",0.1944,0.005,4.9,"[-1.7375, 6.8067]"
himmelblau_function,200,"[3.6003, -1.3245]",3.1142,0.002,8.4,"[-5.528, 7.3646]"
himmelblau_function,1000,"[-3.7849, -3.2591]",0.0309,0.0076,1.4,"[-7.8505, 4.0795]"
himmelblau_function,500,"[-2.7293, 3.0006]",0.8296,0.0036,2.1,"[-4.3659, 5.9768]"
himmelblau_function,50,"[-3.4474, -3.205]",5.4144,0.001,5.5,"[-3.4474, 7.9094]"
himmelblau_function,10,"[-3.0532, -2.0748]",47.1283,0.0,1.3,"[-3.8887, 0.8459]"
himmelblau_function,900,"[1.9992, 1.9992]",26.0459,0.006,3.7,"[-0.6288, 1.9992]"
himmelblau_function,100,"[3.5582, -1.9416]",0.1865,0.001,5.6,"[-6.7727, 3.5582]"
himmelblau_function,400,"[3.4615, -1.7002]",0.936,0.002,7.4,"[-6.7759, 9.6779]"
himmelblau_function,900,"[3.0815, 1.9076]",0.2407,0.0055,7.2,"[-4.2699, 4.4857]"
himmelblau_function,50,"[2.3761, 2.3761]",9.913,0.001,6.0,"[-2.748, 2.3761]"
himmelblau_function,800,"[2.913, 2.1138]",0.3056,0.0058,5.9,"[-0.2116, 9.0107]"
himmelblau_function,10,"[-3.1274, 0.4594]",98.9125,0.0,9.9,"[-5.2468, 0.4594]"
himmelblau_function,300,"[-2.3405, 3.0352]",6.2002,0.002,2.6,"[-2.3405, 9.1345]"
himmelblau_function,400,"[3.5292, -1.7612]",0.2298,0.003,2.8,"[-2.2138, 8.894]"
himmelblau_function,900,"[-3.7119, -3.1744]",0.5602,0.0065,9.8,"[-9.9902, 1.6918]"
himmelblau_function,800,"[-3.5969, -3.2443]",1.7126,0.0055,9.0,"[-3.5969, 6.4602]"
himmelblau_function,800,"[2.9826, 1.9968]",0.0124,0.0051,1.1,"[-4.1428, 6.9196]"
himmelblau_function,10,"[2.0341, 1.2294]",43.6663,0.0,7.1,"[-4.6769, 7.2741]"
himmelblau_function,800,"[-2.8657, 3.0126]",0.6745,0.006,6.2,"[-8.1527, 8.0057]"
himmelblau_function,1000,"[-3.7906, -3.2886]",0.007,0.007,0.4,"[-6.8679, 1.0201]"
himmelblau_function,1000,"[-2.8223, 3.0425]",0.3199,0.0095,6.1,"[-3.444, 6.5501]"
himmelblau_function,800,"[0.6591, 0.6591]",133.0284,0.005,4.0,"[-0.5805, 0.6591]"
himmelblau_function,900,"[3.0318, 1.9336]",0.0683,0.007,1.3,"[-4.3944, 5.5618]"
himmelblau_function,800,"[3.019, 1.9559]",0.0291,0.0066,3.7,"[-0.3911, 9.6195]"
himmelblau_function,1000,"[3.6367, -1.8883]",0.1549,0.0072,5.4,"[-7.2749, 9.5807]"
himmelblau_function,400,"[3.2445, 1.9099]",2.0753,0.003,8.0,"[-0.4264, 4.4962]"
himmelblau_function,700,"[-2.7895, 3.1529]",0.0271,0.005,4.1,"[-4.6486, 7.9067]"
himmelblau_function,700,"[-3.6608, -3.8099]",16.8437,0.005,9.4,"[-6.1277, 1.3848]"
himmelblau_function,200,"[-3.4809, -3.0546]",5.0788,0.001,5.0,"[-7.3712, 7.586]"
himmelblau_function,50,"[3.2141, -1.3618]",7.8562,0.0,9.2,"[-1.3618, 9.4801]"
himmelblau_function,500,"[3.6072, -1.9928]",0.3349,0.0035,5.6,"[-2.0389, 4.748]"
himmelblau_function,400,"[-2.58, 2.9741]",2.4155,0.003,5.1,"[-6.8856, 8.5467]"
himmelblau_function,300,"[3.0899, 2.135]",0.8862,0.003,8.8,"[-4.9262, 3.4127]"
himmelblau_function,10,"[3.3061, 0.015]",13.6466,0.0,2.8,"[-2.6879, 8.6218]"
himmelblau_function,10,"[-3.7391, 1.8884]",75.1611,0.0,7.9,"[-7.5756, 8.8374]"
himmelblau_function,400,"[-2.676, 3.24]",1.0342,0.003,7.5,"[-9.0086, 7.7216]"
himmelblau_function,1000,"[3.5304, -1.9424]",0.321,0.007,9.3,"[-3.1803, 7.798]"
himmelblau_function,500,"[3.4637, -1.8437]",0.7354,0.004,5.5,"[-9.6206, 3.4637]"
himmelblau_function,600,"[-3.7986, -3.2613]",0.0546,0.0038,2.6,"[-8.2922, 1.6375]"
himmelblau_function,50,"[-3.089, 2.6614]",10.4843,0.001,8.8,"[-9.6211, 6.1655]"
himmelblau_function,50,"[2.7612, 2.1717]",1.6775,0.001,8.8,"[-4.134, 9.1939]"
himmelblau_function,600,"[-3.5763, -3.086]",2.7885,0.0046,3.0,"[-8.3299, 0.9866]"
himmelblau_function,10,"[-2.4302, 0.9428]",90.1857,0.0,6.6,"[-9.1609, 0.9428]"
himmelblau_function,10,"[0.5753, 0.5753]",139.0143,0.0,9.1,"[-6.7123, 0.5753]"
himmelblau_function,100,"[-4.1931, -3.798]",18.1923,0.001,3.5,"[-8.0492, 4.3526]"
himmelblau_function,800,"[3.6572, -1.4788]",2.1399,0.006,9.6,"[-1.4788, 7.0363]"
himmelblau_function,50,"[3.2819, 1.9479]",2.9609,0.0,9.3,"[-0.3544, 3.2819]"
himmelblau_function,600,"[-2.8281, 3.1458]",0.0254,0.005,0.4,"[-3.6667, 4.1837]"
himmelblau_function,100,"[-4.3665, -3.4461]",21.6094,0.0,8.9,"[-4.3665, 1.2328]"
himmelblau_function,50,"[-2.8459, 2.941]",1.4329,0.0,6.8,"[-2.8459, 5.7832]"
himmelblau_function,400,"[3.6047, -1.9493]",0.1655,0.0026,9.6,"[-5.2341, 3.6047]"
himmelblau_function,500,"[-2.8647, 2.7222]",6.0275,0.003,9.4,"[-8.7756, 8.9897]"
himmelblau_function,500,"[3.1112, 2.1766]",1.454,0.003,9.8,"[-0.9975, 8.4164]"
himmelblau_function,700,"[3.5735, -1.8158]",0.0189,0.005,1.1,"[-4.7652, 9.3443]"
himmelblau_function,100,"[3.6256, -1.4657]",1.9647,0.001,9.1,"[-6.0846, 9.7508]"
himmelblau_function,600,"[-2.8679, 3.0231]",0.5929,0.004,9.5,"[-2.8679, 8.5465]"
himmelblau_function,200,"[3.3245, 0.9589]",8.6181,0.0016,6.1,"[-0.5775, 9.5888]"
himmelblau_function,50,"[-3.2813, 3.4705]",13.5871,0.001,8.9,"[-9.846, 6.2153]"
himmelblau_function,1000,"[2.9625, 1.9924]",0.0579,0.006,2.0,"[-1.611, 8.422]"
himmelblau_function,400,"[-3.7548, -3.2618]",0.04,0.0026,4.7,"[-5.1435, 2.8409]"
himmelblau_function,800,"[0.6487, 0.6487]",133.7877,0.0056,9.3,"[-0.5108, 0.6487]"
himmelblau_function,100,"[3.0788, 1.8083]",0.5067,0.001,2.8,"[-0.4145, 8.1777]"
himmelblau_function,600,"[3.1704, 1.9535]",1.0106,0.004,3.3,"[-0.4837, 6.9039]"
himmelblau_function,800,"[-3.7116, -3.2372]",0.2668,0.0056,3.6,"[-6.8602, 5.1052]"
himmelblau_function,900,"[-3.8418, -3.3105]",0.2156,0.0057,7.1,"[-7.0842, 8.6519]"
himmelblau_function,700,"[3.0176, 1.898]",0.1446,0.005,3.8,"[-7.6629, 6.2646]"
himmelblau_function,300,"[3.1428, 1.9222]",0.6655,0.002,9.2,"[-3.1513, 3.1428]"
himmelblau_function,200,"[2.5515, 2.208]",5.3882,0.001,2.6,"[-5.0023, 2.5515]"
himmelblau_function,50,"[-1.4845, 0.5734]",134.1304,0.001,6.3,"[-1.4845, 0.5734]"
himmelblau_function,300,"[2.6056, 2.2436]",4.2784,0.003,3.4,"[-5.6687, 2.6056]"
himmelblau_function,50,"[3.0102, -1.8744]",14.7678,0.001,3.2,"[-4.5777, 6.2056]"
himmelblau_function,50,"[-3.7548, -3.592]",4.8571,0.001,8.3,"[-3.7548, 9.2863]"
himmelblau_function,500,"[3.6481, -1.7889]",0.2935,0.003,3.3,"[-4.0145, 8.8757]"
himmelblau_function,200,"[-3.7102, -2.98]",3.3946,0.0005,1.9,"[-8.2786, 7.905]"
himmelblau_function,900,"[-3.8198, -3.3054]",0.0929,0.0059,7.4,"[-6.3646, 8.8619]"
himmelblau_function,200,"[-3.8383, -3.2823]",0.207,0.001,1.7,"[-8.0688, 3.4377]"
himmelblau_function,700,"[3.623, -1.7316]",0.299,0.005,5.1,"[-9.1083, 6.5898]"
himmelblau_function,400,"[3.7915, -2.0685]",2.8528,0.0037,9.9,"[-4.6857, 9.4891]"
himmelblau_function,800,"[1.4782, 1.4782]",64.9591,0.006,7.6,"[-0.5205, 1.4782]"
himmelblau_function,500,"[3.5691, -1.8349]",0.0134,0.004,7.7,"[-9.7006, 9.7941]"
himmelblau_function,10,"[3.2341, -1.9446]",6.1758,0.0,8.7,"[-1.9446, 5.0067]"
himmelblau_function,300,"[2.4145, 2.3767]",8.9337,0.0026,10.0,"[-0.4553, 2.4145]"
himmelblau_function,600,"[3.0793, 2.007]",0.2507,0.004,9.7,"[-7.127, 3.0793]"
himmelblau_function,50,"[-3.2445, 3.1804]",7.3463,0.001,2.1,"[-3.2445, 9.0166]"
himmelblau_function,50,"[4.103, -2.3316]",18.7183,0.001,9.8,"[-6.5689, 8.8931]"
himmelblau_function,1000,"[-2.8054, 3.1867]",0.1255,0.0066,6.5,"[-7.5094, 4.6314]"
himmelblau_function,900,"[-2.9688, 0.5622]",95.8125,0.007,0.1,"[-3.8171, 0.5622]"
himmelblau_function,600,"[-3.701, -3.4086]",1.3476,0.0046,2.0,"[-9.9774, 5.4528]"
himmelblau_function,700,"[3.6268, -2.0835]",0.9413,0.0041,4.5,"[-9.835, 8.4388]"
himmelblau_function,800,"[-2.704, 3.1645]",0.3705,0.006,8.4,"[-3.4395, 3.9873]"
himmelblau_function,600,"[-3.8415, -3.3934]",0.5862,0.0048,7.6,"[-8.8885, 6.7021]"
himmelblau_function,800,"[2.9608, 2.1047]",0.1693,0.0058,2.6,"[-0.1207, 3.7858]"
himmelblau_function,600,"[-2.2217, 1.2123]",83.6304,0.0045,2.9,"[-2.2217, 1.2123]"
himmelblau_function,300,"[-3.8253, -3.2966]",0.1149,0.002,8.2,"[-6.39, 1.6494]"
himmelblau_function,700,"[1.8887, 1.8887]",33.1202,0.005,5.5,"[-1.5508, 1.8887]"
three_hump_camel_function,800,"[-0.1083, 0.1429]",0.0282,0.005,2.6,"[-5.8333, 8.99]"
three_hump_camel_function,500,"[-0.333, 0.1096]",0.1846,0.004,6.3,"[-7.5552, 4.6342]"
three_hump_camel_function,10,"[-2.2107, 1.6141]",3.1867,0.0,9.4,"[-5.7521, 4.5495]"
three_hump_camel_function,900,"[-0.0249, 0.0316]",0.0015,0.0063,5.8,"[-8.8813, 0.5069]"
three_hump_camel_function,100,"[-0.2995, 0.043]",0.16,0.0,5.0,"[-4.0865, 8.8621]"
three_hump_camel_function,100,"[-0.0159, 0.1103]",0.0109,0.001,1.1,"[-5.6958, 6.7651]"
three_hump_camel_function,400,"[-0.0314, 0.316]",0.0919,0.0027,5.5,"[-7.6769, 9.3486]"
three_hump_camel_function,100,"[-0.3711, -0.0129]",0.2609,0.0001,6.7,"[-4.1659, 8.9312]"
three_hump_camel_function,50,"[-0.3974, -0.3422]",0.5434,0.001,9.8,"[-6.5062, 4.2892]"
three_hump_camel_function,400,"[-0.0602, -0.4154]",0.2048,0.0035,8.6,"[-3.4921, 2.2019]"
three_hump_camel_function,50,"[-1.6574, 0.1494]",0.8002,0.0,8.9,"[-5.276, 9.7738]"
three_hump_camel_function,10,"[0.1639, -0.2679]",0.0808,0.0,1.6,"[-4.7415, 4.9036]"
three_hump_camel_function,600,"[-1.7197, 0.7854]",0.3085,0.004,0.9,"[-3.7843, 9.203]"
three_hump_camel_function,900,"[-0.0042, 0.0052]",0.0,0.0067,0.5,"[-8.1448, 9.825]"
three_hump_camel_function,300,"[-0.0535, 0.2264]",0.0449,0.002,4.3,"[-1.9373, 7.1038]"
three_hump_camel_function,700,"[0.1094, -0.1193]",0.025,0.0055,4.1,"[-9.1953, 1.6383]"
three_hump_camel_function,600,"[0.0356, 0.0123]",0.0031,0.004,8.8,"[-8.9117, 0.0356]"
three_hump_camel_function,50,"[-0.2591, -0.2944]",0.2925,0.0,6.2,"[-3.0438, 4.191]"
three_hump_camel_function,700,"[-0.3352, 0.1799]",0.1837,0.0058,7.4,"[-9.7764, 9.6069]"
three_hump_camel_function,100,"[-1.644, 1.2217]",0.51,0.001,5.8,"[-8.1966, 7.0918]"
three_hump_camel_function,50,"[1.5923, -1.2892]",0.6468,0.0,8.5,"[-1.2892, 1.5923]"
three_hump_camel_function,500,"[-0.0507, -0.2613]",0.0867,0.0045,4.9,"[-0.8128, 3.4678]"
three_hump_camel_function,700,"[-0.1743, 0.2121]",0.0678,0.0045,2.3,"[-9.1369, 5.0502]"
three_hump_camel_function,400,"[0.1566, -0.4722]",0.1974,0.0029,4.1,"[-4.6694, 5.4025]"
three_hump_camel_function,800,"[0.1791, 0.2218]",0.152,0.0065,9.3,"[-9.4015, 2.2603]"
three_hump_camel_function,200,"[-1.661, 0.9368]",0.3472,0.0023,8.1,"[-5.4898, 9.1053]"
three_hump_camel_function,10,"[0.1636, -0.5926]",0.307,0.0,0.9,"[-7.239, 4.3718]"
three_hump_camel_function,600,"[0.0083, 0.0048]",0.0002,0.0049,0.2,"[-3.4338, 0.4952]"
three_hump_camel_function,200,"[-1.7622, 0.6333]",0.3613,0.001,9.2,"[-5.8, 8.7451]"
three_hump_camel_function,1000,"[1.7423, -0.8461]",0.2994,0.0077,1.0,"[-9.4748, 6.7883]"
three_hump_camel_function,700,"[0.0438, -0.1217]",0.0133,0.005,3.0,"[-5.929, 7.2798]"
three_hump_camel_function,50,"[-0.0653, -0.1035]",0.026,0.0,8.8,"[-0.9553, 0.45]"
three_hump_camel_function,800,"[-0.0309, -0.107]",0.0166,0.0061,6.0,"[-2.4538, 1.7004]"
three_hump_camel_function,1000,"[-0.1985, 0.1694]",0.0722,0.0077,6.2,"[-1.5519, 1.3965]"
three_hump_camel_function,800,"[-0.0013, -0.1176]",0.014,0.0061,7.7,"[-6.6143, 2.3793]"
three_hump_camel_function,100,"[-1.6196, 0.7389]",0.3788,0.0,9.1,"[-8.7778, 7.3255]"
three_hump_camel_function,700,"[0.3805, -0.432]",0.2903,0.0047,8.5,"[-8.0042, 5.0731]"
three_hump_camel_function,500,"[-1.7629, 0.8942]",0.3002,0.004,0.5,"[-6.3857, 2.4015]"
three_hump_camel_function,400,"[-0.0556, 0.0705]",0.0072,0.0035,2.9,"[-1.7529, 1.1305]"
three_hump_camel_function,600,"[-1.8903, 0.9776]",0.4516,0.005,7.5,"[-9.9269, 5.6741]"
three_hump_camel_function,10,"[1.3702, 1.4967]",5.4476,0.0,8.3,"[-3.3679, 1.4967]"
three_hump_camel_function,500,"[0.0098, -0.0037]",0.0002,0.0035,0.2,"[-6.0784, 9.5195]"
three_hump_camel_function,900,"[-0.3056, -0.0178]",0.1835,0.007,9.0,"[-8.7744, 4.5505]"
three_hump_camel_function,600,"[-0.0345, -0.0332]",0.0046,0.005,2.0,"[-0.3686, 4.1576]"
three_hump_camel_function,1000,"[-0.1202, 0.1007]",0.0267,0.008,6.0,"[-3.6855, 4.3424]"
three_hump_camel_function,100,"[-0.0993, 0.2427]",0.0544,0.001,2.8,"[-2.3295, 5.7556]"
three_hump_camel_function,800,"[-0.1358, -0.3126]",0.1767,0.006,7.4,"[-9.5902, 8.1478]"
three_hump_camel_function,600,"[-0.0682, 0.0514]",0.0084,0.004,6.1,"[-1.7006, 0.5624]"
three_hump_camel_function,700,"[-0.0957, 0.0039]",0.0179,0.0064,1.4,"[-4.8209, 6.2079]"
three_hump_camel_function,100,"[-1.8949, 1.2169]",0.5344,0.001,5.9,"[-9.9526, 1.9965]"
three_hump_camel_function,300,"[0.1703, -0.2033]",0.0638,0.003,2.8,"[-8.5673, 1.862]"
three_hump_camel_function,200,"[-0.091, -0.3122]",0.1424,0.002,8.5,"[-0.3122, 2.0878]"
three_hump_camel_function,800,"[0.0169, -0.156]",0.0223,0.0059,6.2,"[-7.3081, 2.6529]"
three_hump_camel_function,500,"[-0.1885, 0.2541]",0.0864,0.003,8.1,"[-5.7962, 3.8791]"
three_hump_camel_function,900,"[0.2266, -0.4522]",0.202,0.0067,6.7,"[-3.106, 6.1033]"
three_hump_camel_function,300,"[0.0012, -0.0103]",0.0001,0.0025,4.0,"[-3.5679, 2.1904]"
three_hump_camel_function,600,"[-0.0831, -0.0796]",0.0267,0.0041,5.3,"[-7.2082, 7.6494]"
three_hump_camel_function,300,"[0.0921, -0.124]",0.0209,0.002,7.9,"[-7.4262, 2.4756]"
three_hump_camel_function,400,"[-0.0134, -0.1751]",0.0333,0.004,3.8,"[-1.1557, 8.145]"
three_hump_camel_function,200,"[-1.7716, 0.8673]",0.3025,0.002,1.0,"[-4.4468, 8.0412]"
three_hump_camel_function,700,"[-0.0782, 0.1114]",0.0159,0.0053,4.4,"[-5.0315, 3.7213]"
three_hump_camel_function,10,"[0.1856, -0.0439]",0.0614,0.0,2.1,"[-2.0607, 4.4717]"
three_hump_camel_function,300,"[-0.1405, 0.0318]",0.0356,0.0025,6.5,"[-9.3409, 3.4147]"
three_hump_camel_function,700,"[-0.0765, -0.3328]",0.1479,0.005,9.0,"[-5.3635, 0.4581]"
three_hump_camel_function,200,"[-0.1138, 0.2399]",0.056,0.0015,3.3,"[-1.8231, 6.6613]"
three_hump_camel_function,900,"[-0.0323, 0.0078]",0.0019,0.007,3.7,"[-4.5101, 0.1194]"
three_hump_camel_function,900,"[0.0424, 0.0795]",0.0133,0.006,2.4,"[-9.8349, 6.1868]"
three_hump_camel_function,400,"[0.0987, -0.0831]",0.0181,0.0027,5.4,"[-1.2183, 6.0758]"
three_hump_camel_function,200,"[0.4859, -0.0082]",0.4119,0.001,8.5,"[-7.7717, 3.5879]"
three_hump_camel_function,1000,"[-0.0081, 0.0034]",0.0001,0.0073,0.4,"[-7.2879, 8.0531]"
three_hump_camel_function,600,"[0.0916, 0.1534]",0.0543,0.0049,6.9,"[-8.0864, 1.6389]"
three_hump_camel_function,700,"[-0.0153, 0.0429]",0.0017,0.004,1.0,"[-4.9138, 4.5588]"
three_hump_camel_function,300,"[-0.0147, -0.3573]",0.1334,0.0027,4.1,"[-4.3326, 1.2263]"
three_hump_camel_function,800,"[0.0765, -0.1472]",0.0221,0.0055,6.4,"[-5.2241, 5.3539]"
three_hump_camel_function,1000,"[0.0523, -0.1693]",0.0253,0.0081,9.7,"[-8.0603, 7.5538]"
three_hump_camel_function,100,"[-0.4757, -0.0362]",0.4192,0.001,7.0,"[-8.863, 7.2365]"
three_hump_camel_function,300,"[-0.3798, -0.3227]",0.4939,0.0023,7.5,"[-8.4163, 4.7077]"
three_hump_camel_function,200,"[-0.0082, -0.0055]",0.0002,0.001,2.8,"[-2.5819, 9.8366]"
three_hump_camel_function,10,"[0.2057, -0.0075]",0.0813,0.0,8.4,"[-6.9558, 0.2057]"
three_hump_camel_function,200,"[0.038, -0.0105]",0.0026,0.002,0.7,"[-9.8557, 5.8875]"
three_hump_camel_function,700,"[0.3265, 0.3339]",0.422,0.0046,9.2,"[-6.2943, 6.7993]"
three_hump_camel_function,1000,"[1.7298, -0.8841]",0.3008,0.0084,1.0,"[-9.7047, 2.295]"
three_hump_camel_function,100,"[0.0285, -0.2679]",0.0657,0.001,2.2,"[-9.7325, 8.4322]"
three_hump_camel_function,700,"[0.2459, -0.1225]",0.102,0.006,5.6,"[-5.7263, 3.2658]"
three_hump_camel_function,100,"[0.7469, -0.4595]",0.6859,0.001,6.3,"[-6.5863, 9.8419]"
three_hump_camel_function,300,"[0.0736, -0.3411]",0.102,0.0015,8.5,"[-0.3411, 9.6005]"
three_hump_camel_function,900,"[-0.033, -0.0613]",0.008,0.0079,5.4,"[-7.1098, 3.7403]"
three_hump_camel_function,10,"[-0.0127, -0.6556]",0.4386,0.0,5.5,"[-8.5321, 3.5696]"
three_hump_camel_function,800,"[0.0359, -0.2433]",0.053,0.007,8.2,"[-1.7668, 6.7571]"
three_hump_camel_function,700,"[0.0787, 0.1186]",0.0358,0.0085,5.1,"[-3.3164, 3.5579]"
three_hump_camel_function,200,"[0.0071, 0.0927]",0.0094,0.002,8.9,"[-8.1014, 3.8325]"
three_hump_camel_function,200,"[0.2185, -0.6604]",0.3849,0.001,7.1,"[-1.3351, 2.3574]"
three_hump_camel_function,100,"[0.1034, -0.5433]",0.2603,0.001,5.5,"[-0.5433, 5.7154]"
three_hump_camel_function,700,"[0.2814, -0.249]",0.1438,0.0066,6.6,"[-6.1041, 6.3946]"
three_hump_camel_function,300,"[-0.0151, -0.5279]",0.2871,0.004,6.8,"[-5.8761, 8.0035]"
three_hump_camel_function,1000,"[0.4355, -0.1324]",0.3025,0.007,8.6,"[-8.0023, 0.7366]"
three_hump_camel_function,50,"[-0.014, -0.0334]",0.002,0.0,0.1,"[-1.0629, 1.256]"
three_hump_camel_function,600,"[-0.1356, 0.2267]",0.0571,0.0047,6.0,"[-7.979, 7.4307]"
three_hump_camel_function,100,"[0.0777, -0.0976]",0.014,0.001,3.8,"[-9.9659, 2.9921]"
three_hump_camel_function,1000,"[0.0891, 0.4949]",0.3049,0.008,8.9,"[-6.9145, 1.967]"
three_hump_camel_function,100,"[-0.0473, -0.4662]",0.2439,0.001,6.1,"[-1.7721, 6.2805]"
three_hump_camel_function,300,"[0.9454, -0.3393]",0.8621,0.003,8.5,"[-8.4346, 8.5497]"
three_hump_camel_function,600,"[-0.008, -0.1182]",0.015,0.0046,5.6,"[-8.7973, 0.7135]"
three_hump_camel_function,700,"[0.0569, -0.2681]",0.0631,0.005,2.8,"[-8.2539, 0.9405]"
three_hump_camel_function,300,"[-0.176, 0.197]",0.0651,0.002,2.9,"[-2.9708, 3.7168]"
three_hump_camel_function,300,"[-0.069, -0.0847]",0.0225,0.002,3.6,"[-8.0158, 9.9083]"
three_hump_camel_function,500,"[-0.0674, 0.1143]",0.0144,0.0046,1.6,"[-4.0455, 4.649]"
three_hump_camel_function,50,"[1.791, -0.5921]",0.4025,0.001,3.6,"[-4.5323, 3.2317]"
three_hump_camel_function,1000,"[-0.0308, 0.0956]",0.0081,0.0076,4.9,"[-1.7012, 4.9579]"
three_hump_camel_function,50,"[0.1598, 0.2804]",0.1738,0.0005,6.1,"[-3.2499, 8.4448]"
three_hump_camel_function,200,"[0.0164, -0.0247]",0.0007,0.001,0.4,"[-8.1532, 3.9598]"
three_hump_camel_function,300,"[-1.8014, 0.8615]",0.3188,0.0023,7.4,"[-2.2699, 1.0038]"
three_hump_camel_function,800,"[0.0382, 0.1205]",0.022,0.0065,1.7,"[-3.0974, 6.207]"
three_hump_camel_function,600,"[0.1099, -0.1347]",0.0274,0.0045,2.8,"[-5.6238, 9.8303]"
three_hump_camel_function,700,"[0.0729, 0.008]",0.0113,0.006,3.6,"[-9.7006, 7.8888]"
three_hump_camel_function,800,"[0.0482, 0.0109]",0.0053,0.0061,2.1,"[-2.7603, 0.6185]"
three_hump_camel_function,400,"[-0.1016, 0.4343]",0.165,0.0059,7.2,"[-4.9241, 1.4243]"
three_hump_camel_function,900,"[0.1044, 0.1796]",0.0727,0.0075,4.7,"[-7.6169, 2.5948]"
three_hump_camel_function,100,"[0.3007, -0.3983]",0.2113,0.001,2.5,"[-3.3034, 7.0016]"
three_hump_camel_function,400,"[-0.2188, 0.2563]",0.1029,0.003,8.1,"[-9.367, 6.6632]"
three_hump_camel_function,600,"[-0.0655, -0.0084]",0.0092,0.0045,1.5,"[-5.0812, 2.4448]"
three_hump_camel_function,300,"[0.1159, 0.0108]",0.028,0.002,4.5,"[-9.6234, 1.0475]"
three_hump_camel_function,500,"[-0.009, -0.1082]",0.0128,0.0043,1.5,"[-0.5454, 5.5372]"
three_hump_camel_function,600,"[0.0277, -0.0087]",0.0014,0.0046,2.0,"[-6.7313, 2.9306]"
three_hump_camel_function,200,"[0.0248, -0.014]",0.0011,0.002,1.1,"[-1.188, 8.2957]"
three_hump_camel_function,700,"[-0.0101, 0.0206]",0.0004,0.005,0.4,"[-0.0485, 7.3023]"
three_hump_camel_function,400,"[-0.349, -0.0555]",0.2508,0.0025,6.8,"[-6.6216, 5.8207]"
three_hump_camel_function,50,"[-1.7705, 0.9584]",0.3072,0.001,8.6,"[-7.0232, 4.8655]"
three_hump_camel_function,700,"[0.1548, 0.0904]",0.0695,0.0055,5.1,"[-4.2747, 8.4677]"
three_hump_camel_function,100,"[0.1709, -0.3875]",0.1415,0.0,5.6,"[-4.8515, 3.0052]"
three_hump_camel_function,200,"[1.7795, -1.1854]",0.3923,0.002,7.3,"[-6.2677, 7.5845]"
three_hump_camel_function,900,"[0.1016, 0.0053]",0.0211,0.0073,4.9,"[-3.7475, 1.4212]"
three_hump_camel_function,600,"[-0.0302, 0.0343]",0.002,0.0045,1.1,"[-0.6769, 2.178]"
three_hump_camel_function,900,"[-0.2086, -0.0866]",0.1106,0.0076,6.0,"[-7.0104, 9.8779]"
three_hump_camel_function,300,"[0.1691, -0.17]",0.0565,0.003,8.1,"[-5.6957, 3.4304]"
three_hump_camel_function,600,"[0.1456, 0.3693]",0.2321,0.004,8.3,"[-5.6916, 1.0573]"
three_hump_camel_function,300,"[-0.1684, 0.4618]",0.1914,0.003,5.7,"[-3.9614, 9.3048]"
three_hump_camel_function,900,"[-0.0156, 0.0577]",0.0029,0.0076,6.0,"[-4.7397, 0.0577]"
three_hump_camel_function,700,"[0.0075, -0.0535]",0.0026,0.0096,1.7,"[-1.7372, 7.8245]"
three_hump_camel_function,300,"[-0.2271, 0.4916]",0.2304,0.0025,6.5,"[-5.5442, 4.3053]"
three_hump_camel_function,50,"[0.3106, -0.4524]",0.2475,0.0,5.4,"[-9.4906, 0.5508]"
three_hump_camel_function,300,"[-0.0121, 0.0225]",0.0005,0.0022,0.5,"[-0.9771, 0.8736]"
three_hump_camel_function,300,"[0.0116, -0.121]",0.0135,0.002,2.2,"[-0.6106, 2.8973]"
three_hump_camel_function,200,"[-0.0272, 0.0533]",0.0029,0.002,3.5,"[-4.4889, 0.2712]"
three_hump_camel_function,600,"[0.3301, -0.0946]",0.1834,0.004,8.5,"[-8.4725, 8.4763]"
three_hump_camel_function,400,"[0.0252, -0.028]",0.0013,0.003,1.4,"[-6.5592, 5.0226]"
three_hump_camel_function,50,"[0.3818, -0.2564]",0.2376,0.001,2.4,"[-7.6692, 3.9727]"
three_hump_camel_function,1000,"[-0.0578, -0.055]",0.0129,0.0069,2.6,"[-1.7207, 7.6647]"
three_hump_camel_function,100,"[-0.4685, 0.6509]",0.5089,0.0,7.2,"[-2.1847, 9.4944]"
three_hump_camel_function,50,"[1.0626, -0.6964]",0.9045,0.001,8.0,"[-9.6496, 5.9441]"
three_hump_camel_function,800,"[0.0879, 0.255]",0.1029,0.0055,7.2,"[-9.5829, 8.7586]"
three_hump_camel_function,10,"[-0.6239, -0.4974]",1.187,0.0015,8.9,"[-0.6988, 2.3789]"
three_hump_camel_function,900,"[0.0442, -0.1902]",0.0317,0.0065,3.7,"[-3.6687, 3.7813]"
three_hump_camel_function,100,"[-0.1239, 0.5038]",0.2218,0.001,3.2,"[-3.848, 3.7117]"
three_hump_camel_function,500,"[-0.2617, 0.3318]",0.1554,0.004,6.5,"[-8.3188, 2.8027]"
three_hump_camel_function,400,"[0.0911, -0.2879]",0.0732,0.0026,9.8,"[-0.2879, 6.3863]"
three_hump_camel_function,800,"[-0.0637, 0.0957]",0.0112,0.0055,9.5,"[-3.2893, 7.6187]"
three_hump_camel_function,500,"[0.0318, 0.087]",0.0124,0.0037,1.2,"[-7.609, 3.6406]"
three_hump_camel_function,600,"[0.0534, -0.1916]",0.0322,0.0039,6.4,"[-3.6866, 1.5119]"
three_hump_camel_function,100,"[-0.367, -0.4772]",0.6536,0.0,7.4,"[-5.637, 8.4659]"
three_hump_camel_function,50,"[-0.3196, 0.1482]",0.1681,0.001,3.8,"[-1.3318, 7.7138]"
three_hump_camel_function,600,"[0.0777, -0.0976]",0.014,0.004,3.5,"[-8.8288, 1.3978]"
three_hump_camel_function,100,"[1.8303, -1.0144]",0.3547,0.001,0.7,"[-9.3656, 4.1509]"
three_hump_camel_function,200,"[1.7663, -0.8021]",0.3073,0.0016,0.5,"[-1.0753, 7.0842]"
three_hump_camel_function,400,"[-0.0541, 0.2872]",0.0728,0.0025,3.7,"[-0.478, 6.8337]"
three_hump_camel_function,300,"[0.0902, 0.1479]",0.0514,0.003,5.3,"[-1.802, 2.7174]"
three_hump_camel_function,100,"[1.7024, -0.9106]",0.3131,0.0005,9.7,"[-0.9106, 6.823]"
three_hump_camel_function,400,"[0.1672, 0.251]",0.16,0.002,7.7,"[-2.169, 1.479]"
three_hump_camel_function,700,"[-0.0621, -0.1701]",0.0472,0.0056,8.8,"[-3.5262, 9.7493]"
three_hump_camel_function,100,"[0.5769, 0.6294]",1.3149,0.0016,9.6,"[-4.3335, 2.6095]"
three_hump_camel_function,400,"[-0.4588, 0.2131]",0.3237,0.003,6.2,"[-8.8683, 9.7312]"
three_hump_camel_function,300,"[0.0733, 0.2694]",0.1031,0.0016,2.4,"[-8.3626, 1.5305]"
three_hump_camel_function,600,"[0.0563, -0.0589]",0.0065,0.0041,2.6,"[-3.7476, 1.5134]"
three_hump_camel_function,50,"[-0.7206, 0.0928]",0.7205,0.0,8.5,"[-0.7206, 8.2742]"
three_hump_camel_function,10,"[1.366, -2.7041]",4.7771,0.0,2.5,"[-9.8732, 9.2106]"
three_hump_camel_function,600,"[-0.0104, 0.2007]",0.0384,0.0041,7.4,"[-6.6149, 4.7151]"
three_hump_camel_function,500,"[-0.0637, 0.1498]",0.021,0.004,5.4,"[-3.6653, 7.2678]"
three_hump_camel_function,800,"[0.1545, -0.2983]",0.0901,0.006,9.7,"[-1.8855, 5.1747]"
three_hump_camel_function,300,"[0.0549, -0.292]",0.0753,0.002,9.2,"[-3.0183, 4.5624]"
three_hump_camel_function,200,"[0.0721, -0.1265]",0.0173,0.001,1.6,"[-0.9919, 9.9348]"
three_hump_camel_function,900,"[-0.0226, 0.0503]",0.0024,0.0065,1.2,"[-1.9183, 0.1146]"
three_hump_camel_function,300,"[-1.3731, 0.6899]",0.684,0.0029,8.3,"[-4.7429, 2.6512]"
three_hump_camel_function,50,"[-2.1889, 1.1469]",2.6154,0.001,8.0,"[-4.242, 9.7565]"
three_hump_camel_function,100,"[-0.0264, 0.0754]",0.0051,0.0,0.5,"[-5.5698, 0.0754]"
three_hump_camel_function,600,"[0.1924, 0.1461]",0.1221,0.0046,8.8,"[-5.3681, 3.1713]"
three_hump_camel_function,600,"[-0.1855, -0.011]",0.0697,0.005,4.7,"[-1.4175, 9.8172]"
three_hump_camel_function,10,"[0.0583, -0.3037]",0.0813,0.0,2.2,"[-1.9001, 4.5957]"
three_hump_camel_function,400,"[-0.2663, 0.2068]",0.1243,0.0025,4.1,"[-4.6941, 9.7079]"
three_hump_camel_function,500,"[-0.0864, 0.6475]",0.3782,0.0035,7.2,"[-8.9964, 5.914]"
three_hump_camel_function,700,"[0.1269, -0.1922]",0.0445,0.0056,4.5,"[-1.675, 6.0264]"
three_hump_camel_function,50,"[-0.1489, 0.4451]",0.1756,0.0,3.4,"[-2.9881, 9.5168]"
three_hump_camel_function,100,"[0.2831, -0.1812]",0.1352,0.001,2.3,"[-5.7908, 8.7478]"
three_hump_camel_function,400,"[-1.758, 0.9811]",0.3097,0.0032,8.6,"[-9.3706, 0.9811]"
three_hump_camel_function,200,"[-0.0222, 0.1023]",0.0092,0.002,0.9,"[-5.7277, 0.2362]"
three_hump_camel_function,800,"[-0.0994, 0.0777]",0.018,0.006,2.6,"[-9.3319, 6.2761]"
three_hump_camel_function,300,"[-0.2725, 0.0839]",0.127,0.002,10.0,"[-4.2302, 0.9521]"
three_hump_camel_function,100,"[-0.3986, 0.6475]",0.4531,0.001,6.7,"[-8.2726, 2.0772]"
three_hump_camel_function,400,"[0.0811, 0.0654]",0.0227,0.003,7.5,"[-5.3294, 3.3747]"
three_hump_camel_function,100,"[-2.9317, -2.3602]",57.9355,0.001,0.1,"[-6.8557, 0.9899]"
three_hump_camel_function,50,"[1.6503, 0.596]",2.3643,0.0,9.3,"[-8.9383, 7.7046]"
